gene_id,cluster
Ap11.1449,1
Ap11.1444,1
Ap11.1443,1
Ap11.11,1
Ap11.1628,1
Ap11.732,1
Ap11.731,1
Ap11.479,1
Ap11.679,1
Ap11.678,1
Ap11.1232,1
Ap11.888,1
Ap11.889,1
Ap11.887,1
Ap11.360,1
Ap11.358,1
Ap11.359,1
Ap11.357,1
Ap11.242,1
Ap11.967,1
Ap11.966,1
Ap11.962,1
Ap11.1656,1
Ap11.1787,1
Ap11.659,1
Ap11.1856,1
Ap11.1520,1
Ap11.1523,1
Ap11.1524,1
Ap11.259,1
Ap11.1757,2
Ap11.477,1
Ap11.1042,1
Ap11.1045,2
Ap11.1207,1
Ap11.110,1
Ap11.877,1
Ap11.876,1
Ap11.878,1
Ap11.1415,1
Ap11.43,1
Ap11.42,1
Ap11.45,1
Ap11.44,1
Ap11.325,1
Ap11.428,1
Ap11.1598,1
Ap11.1599,2
Ap11.1596,1
Ap11.1597,1
Ap11.1624,1
Ap11.1625,1
Ap11.1622,1
Ap11.621,1
Ap11.191,1
Ap11.1121,1
Ap11.1494,1
Ap11.1493,1
Ap11.1498,1
Ap11.1866,2
Ap11.1862,1
Ap11.1863,1
Ap11.931,1
Ap11.932,1
Ap11.1515,1
Ap11.1516,1
Ap11.1518,1
Ap11.1519,1
Ap11.206,1
Ap11.205,1
Ap11.200,1
Ap11.201,1
Ap11.1705,1
Ap11.1704,1
Ap11.1706,1
Ap11.1517,1
Ap11.209,1
Ap11.1906,1
Ap11.1904,1
Ap11.1901,1
Ap11.1010,1
Ap11.1012,1
Ap11.1785,1
Ap11.1784,2
Ap11.92,1
Ap11.97,1
Ap11.1424,1
Ap11.1421,1
Ap11.1422,1
Ap11.598,1
Ap11.79,1
Ap11.1472,1
Ap11.1474,2
Ap11.417,1
Ap11.415,1
Ap11.414,1
Ap11.1099,1
Ap11.1098,1
Ap11.1090,1
Ap11.1093,1
Ap11.1094,1
Ap11.1097,1
Ap11.1096,1
Ap11.653,1
Ap11.1161,1
Ap11.71,1
Ap11.76,1
Ap11.75,1
Ap11.1831,1
Ap11.1830,1
Ap11.1838,1
Ap11.941,1
Ap11.940,1
Ap11.942,1
Ap11.945,1
Ap11.498,2
Ap11.1677,1
Ap11.236,1
Ap11.230,1
Ap11.853,1
Ap11.1193,1
Ap11.1751,1
Ap11.1547,1
Ap11.1540,1
Ap11.1029,1
Ap11.1023,1
Ap11.1024,1
Ap11.1025,1
Ap11.1026,1
Ap11.1027,1
Ap11.175,1
Ap11.811,1
Ap11.810,1
Ap11.1667,1
Ap11.422,2
Ap11.1471,2
Ap11.426,1
Ap11.1475,1
Ap11.424,1
Ap11.26,1
Ap11.541,1
Ap11.682,1
Ap11.680,1
Ap11.1223,1
Ap11.717,1
Ap11.1749,1
Ap11.1389,1
Ap11.347,1
Ap11.67,1
Ap11.1641,1
Ap11.1643,1
Ap11.1649,2
Ap11.1113,1
Ap11.609,1
Ap11.1306,1
Ap11.1841,1
Ap11.1844,1
Ap11.1849,1
Ap11.420,1
Ap11.918,1
Ap11.912,1
Ap11.916,1
Ap11.1537,1
Ap11.1530,1
Ap11.1539,1
Ap11.269,1
Ap11.425,1
Ap11.1767,1
Ap11.1761,1
Ap11.1768,1
Ap11.778,1
Ap11.1070,1
Ap11.1273,1
Ap11.1272,1
Ap11.1781,1
Ap11.1408,1
Ap11.1405,1
Ap11.55,1
Ap11.59,1
Ap11.1891,2
Ap11.1893,1
Ap11.1892,1
Ap11.712,1
Ap11.1614,1
Ap11.188,1
Ap11.185,1
Ap11.186,1
Ap11.180,1
Ap11.183,1
Ap11.182,1
Ap11.1137,1
Ap11.784,2
Ap11.254,1
Ap11.250,1
Ap11.394,1
Ap11.392,1
Ap11.393,1
Ap11.1810,1
Ap11.1813,1
Ap11.1814,1
Ap11.927,1
Ap11.925,1
Ap11.1693,1
Ap11.1697,1
Ap11.1694,1
Ap11.210,1
Ap11.219,1
Ap11.1717,1
Ap11.1714,1
Ap11.1713,1
Ap11.1711,1
Ap11.389,1
Ap11.384,1
Ap11.501,1
Ap11.749,1
Ap11.298,1
Ap11.295,1
Ap11.294,1
Ap11.297,1
Ap11.1910,1
Ap11.1242,1
Ap11.1244,1
Ap11.1246,1
Ap11.1796,1
Ap11.1794,2
Ap11.1795,1
Ap11.833.1.5f168710,1
Ap11.832,1
Ap11.835,1
Ap11.834,1
Ap11.838,1
Ap11.1752,1
Ap11.8,1
Ap11.9,1
Ap11.1087,1
Ap11.1089,1
Ap11.1155,1
Ap11.660,1
Ap11.663,1
Ap11.1680,1
Ap11.1683,1
Ap11.1684,1
Ap11.1687,2
Ap11.81,1
Ap11.89,1
Ap11.979,1
Ap11.977,1
Ap11.972,1
Ap11.791,1
Ap11.794,1
Ap11.795,1
Ap11.240,1
Ap11.1463,1
Ap11.38,1
Ap11.718,1
Ap11.703,1
Ap11.702,1
Ap11.700,1
Ap11.697,1
Ap11.1150,1
Ap11.1151,2
Ap11.1153,1
Ap11.1154,1
Ap11.863,1
Ap11.860,1
Ap11.865,1
Ap11.1392,1
Ap11.1393,1
Ap11.1391,1
Ap11.1394,1
Ap11.984,1
Ap11.987,1
Ap11.986,1
Ap11.988,2
Ap11.1583,1
Ap11.1582,1
Ap11.1584,1
Ap11.1630,1
Ap11.1635,1
Ap11.1634,1
Ap11.1636,1
Ap11.619,1
Ap11.618,1
Ap11.373,1
Ap11.374,1
Ap11.1879,1
Ap11.1870,1
Ap11.904,1
Ap11.907,1
Ap11.902,1
Ap11.1503,2
Ap11.271,1
Ap11.270,1
Ap11.1774,1
Ap11.1777,1
Ap11.6,1
Ap11.1267,1
Ap11.1268,1
Ap11.135,1
Ap11.136,1
Ap11.137,1
Ap11.859,1
Ap11.493,1
Ap11.1436,1
Ap11.1434,1
Ap11.1438,1
Ap11.301,1
Ap11.1888,1
Ap11.1880,1
Ap11.1601,2
Ap11.1603,1
Ap11.1607,1
Ap11.646,1
Ap11.645,1
Ap11.643,1
Ap11.641,1
Ap11.1107,1
Ap11.1103,1
Ap11.1109,1
Ap11.1108,1
Ap11.382,1
Ap11.1806,1
Ap11.1807,1
Ap11.1805,1
Ap11.1800,1
Ap11.956,1
Ap11.957,1
Ap11.955,1
Ap11.959,1
Ap11.481,1
Ap11.486,1
Ap11.221,1
Ap11.222,1
Ap11.228,1
Ap11.229,1
Ap11.1188,1
Ap11.1184,1
Ap11.1729,1
Ap11.1728,1
Ap11.716,1
Ap11.1627,2
Ap11.1162,1
Ap11.1579,1
Ap11.776,1
Ap11.777,1
Ap11.805,1
Ap10.1948,1
Ap10.1942,1
Ap10.1941,1
Ap10.1946,1
Ap10.458,1
Ap10.1945,1
Ap10.753,1
Ap10.755,1
Ap10.1777,1
Ap10.1776,1
Ap10.54,1
Ap10.53,1
Ap10.1012,1
Ap10.109,1
Ap10.1206,1
Ap10.1784,1
Ap10.243,1
Ap10.1530,1
Ap10.1851,1
Ap10.613,1
Ap10.614,1
Ap10.1911,2
Ap10.1913,1
Ap10.1912,2
Ap10.344,1
Ap10.793,1
Ap10.792,1
Ap10.790,1
Ap10.799,1
Ap10.423,1
Ap10.426,1
Ap10.1376,1
Ap10.322,1
Ap10.321,1
Ap10.328,2
Ap10.1191,1
Ap10.121,1
Ap10.122,1
Ap10.1728,1
Ap10.66,2
Ap10.1991,1
Ap10.1992,1
Ap10.740,1
Ap10.838,1
Ap10.839,1
Ap10.1045,1
Ap10.502,1
Ap10.503,1
Ap10.979,1
Ap10.20,1
Ap10.2006,1
Ap10.218,1
Ap10.214,1
Ap10.212,1
Ap10.1895,1
Ap10.582,1
Ap10.580,1
Ap10.2073,1
Ap10.621,1
Ap10.2086,1
Ap10.2084,1
Ap10.1469,1
Ap10.1469.1.5f1689af,1
Ap10.1468,1
Ap10.1466,1
Ap10.1460,1
Ap10.1462,1
Ap10.1926,1
Ap10.1927,2
Ap10.294,1
Ap10.1342,1
Ap10.1343,1
Ap10.1346,1
Ap10.904,1
Ap10.319,1
Ap10.318,1
Ap10.315,1
Ap10.1759,1
Ap10.1752.1.5f15de8a,1
Ap10.1751,1
Ap10.152,1
Ap10.1176,1
Ap10.1240,1
Ap10.809,1
Ap10.803,1
Ap10.801,1
Ap10.1849,1
Ap10.1846,1
Ap10.855,1
Ap10.533,1
Ap10.538,1
Ap10.73,1
Ap10.1652,1
Ap10.1653,1
Ap10.1036,1
Ap10.670,2
Ap10.678,1
Ap10.1458,1
Ap10.1,1
Ap10.5,1
Ap10.1103,1
Ap10.1100,1
Ap10.1101,1
Ap10.1684,1
Ap10.1978,1
Ap10.851,1
Ap10.756,1
Ap10.106,1
Ap10.107,1
Ap10.738,1
Ap10.736,1
Ap10.1065,1
Ap10.562,1
Ap10.2061,1
Ap10.2063,1
Ap10.2067,1
Ap10.278,1
Ap10.270,1
Ap10.275,1
Ap10.902,1
Ap10.903,1
Ap10.907,1
Ap10.905,1
Ap10.601,1
Ap10.602,1
Ap10.609,1
Ap10.1484,2
Ap10.415,1
Ap10.410,1
Ap10.411,2
Ap10.412,1
Ap10.331,1
Ap10.1772,1
Ap10.2017,1
Ap10.1638,1
Ap10.1639,1
Ap10.494,1
Ap10.490,2
Ap10.491,1
Ap10.1052,1
Ap10.1862,1
Ap10.1869,1
Ap10.510,1
Ap10.515,1
Ap10.514,1
Ap10.516,1
Ap10.19,1
Ap10.18,1
Ap10.15,1
Ap10.16,1
Ap10.768,1
Ap10.769,1
Ap10.760,1
Ap10.761,1
Ap10.766,2
Ap10.201,1
Ap10.203,1
Ap10.205,1
Ap10.1571,1
Ap10.591,1
Ap10.592,1
Ap10.596,1
Ap10.657,1
Ap10.650,1
Ap10.890,1
Ap10.891,1
Ap10.1470,1
Ap10.285,1
Ap10.286,1
Ap10.361,1
Ap10.1742,1
Ap10.167,1
Ap10.160,1
Ap10.163,1
Ap10.1959,1
Ap10.1955,1
Ap10.1954,1
Ap10.1956,1
Ap10.1952,1
Ap10.469,1
Ap10.877,1
Ap10.1337,1
Ap10.64,1
Ap10.1273,1
Ap10.1275,1
Ap10.981,1
Ap10.984,1
Ap10.2047,1
Ap10.911,1
Ap10.910,1
Ap10.912,1
Ap10.1005,1
Ap10.669,1
Ap10.668,1
Ap10.79,1
Ap10.78,1
Ap10.254,1
Ap10.357,1
Ap10.353,1
Ap10.358,1
Ap10.197,1
Ap10.1697,1
Ap10.1961,1
Ap10.1962,1
Ap10.786,1
Ap10.781,1
Ap10.849,1
Ap10.119,1
Ap10.118,1
Ap10.115,1
Ap10.114,1
Ap10.1610,1
Ap10.1611,1
Ap10.1198,1
Ap10.1076,1
Ap10.1385,1
Ap10.1805,1
Ap10.1802,1
Ap10.742,1
Ap10.745,1
Ap10.579,1
Ap10.1227,1
Ap10.1226,1
Ap10.2011,1
Ap10.269,1
Ap10.267,1
Ap10.266,1
Ap10.265,1
Ap10.264,1
Ap10.1881,1
Ap10.1880,1
Ap10.638,1
Ap10.2094,1
Ap10.1490,1
Ap10.1933,1
Ap10.1936,1
Ap10.401,1
Ap10.305,1
Ap10.489,1
Ap10.487,1
Ap10.486,2
Ap10.812,1
Ap10.1907,1
Ap10.1874,1
Ap10.1875,1
Ap10.1870,1
Ap10.381,1
Ap10.383,1
Ap10.385,1
Ap10.528,1
Ap10.529,1
Ap10.49,1
Ap10.2024,1
Ap10.2026,1
Ap10.1640,1
Ap10.1643,1
Ap10.1649,1
Ap10.68,1
Ap10.774,1
Ap10.776,1
Ap10.773,1
Ap10.772,1
Ap10.899,1
Ap10.236,1
Ap10.231,1
Ap10.238,1
Ap10.837,1
Ap10.752,1
Ap10.80,1
Ap10.81,1
Ap10.86,1
Ap10.87,1
Ap10.84,1
Ap10.85,1
Ap10.88,1
Ap10.1551,1
Ap10.886,1
Ap10.885,1
Ap10.640,1
Ap10.649,1
Ap10.648,1
Ap10.1192,1
Ap10.1194,1
Ap10.1443,1
Ap10.1442,1
Ap10.853,1
Ap10.998,1
Ap10.993,1
Ap10.373,1
Ap10.377,1
Ap10.376,1
Ap10.1735,1
Ap10.1737,1
Ap10.1736,1
Ap10.171,1
Ap14.1859,1
Ap14.1279,1
Ap14.1276,1
Ap14.1503,1
Ap14.859,1
Ap14.951,1
Ap14.1274,1
Ap14.795,1
Ap14.1740,1
Ap14.1020,1
Ap14.1583,1
Ap14.268,1
Ap14.261,1
Ap14.190,1
Ap14.700,1
Ap14.703,2
Ap14.707,1
Ap14.706,1
Ap14.709,1
Ap14.1462,1
Ap14.103,1
Ap14.56,1
Ap14.560,1
Ap14.1500,1
Ap14.781,1
Ap14.787,1
Ap14.2028,1
Ap14.441,1
Ap14.368,1
Ap14.2016,1
Ap14.2010,1
Ap14.1162,1
Ap14.1985,1
Ap14.4,2
Ap14.1232,1
Ap14.252,1
Ap14.250,1
Ap14.254,1
Ap14.259,1
Ap14.855,1
Ap14.1575,1
Ap14.593,1
Ap14.594,1
Ap14.947,1
Ap14.946,1
Ap14.944,1
Ap14.1282,1
Ap14.1283,1
Ap14.752,1
Ap14.514,1
Ap14.516,1
Ap14.573,1
Ap14.1116,1
Ap14.1115,1
Ap14.491,1
Ap14.492,1
Ap14.499,1
Ap14.1009,1
Ap14.1005,1
Ap14.867,1
Ap14.281,1
Ap14.137,1
Ap14.67,1
Ap14.66,1
Ap14.68,2
Ap14.1365,1
Ap14.1361,1
Ap14.2045,1
Ap14.2041,1
Ap14.1607,1
Ap14.1604,1
Ap14.1448,2
Ap14.995,1
Ap14.1870,1
Ap14.470,1
Ap14.208,1
Ap14.204,1
Ap14.205,1
Ap14.202,1
Ap14.1453,1
Ap14.1938,1
Ap14.1686,1
Ap14.1684,1
Ap14.1685,1
Ap14.1683,1
Ap14.1566,1
Ap14.1761,1
Ap14.914,1
Ap14.911,1
Ap14.892,1
Ap14.896,1
Ap14.1062,1
Ap14.2000,1
Ap14.2006,1
Ap14.1045,1
Ap14.1048,1
Ap14.338,1
Ap14.333,1
Ap14.334,1
Ap14.335,1
Ap14.336,1
Ap14.817,1
Ap14.53,1
Ap14.1546,1
Ap14.1355,2
Ap14.1356,1
Ap14.1351,1
Ap14.2074,1
Ap14.602,1
Ap14.106,1
Ap14.104,1
Ap14.1496,2
Ap14.1495,1
Ap14.1494,1
Ap14.1491,1
Ap14.1490,1
Ap14.1143,1
Ap14.1142,1
Ap14.1844,1
Ap14.1842,1
Ap14.186,1
Ap14.869,1
Ap14.1658,2
Ap14.1755,1
Ap14.1598,1
Ap14.1599,1
Ap14.276,1
Ap14.972,1
Ap14.973,1
Ap14.971,1
Ap14.976,1
Ap14.977,1
Ap14.734,1
Ap14.737,1
Ap14.733,1
Ap14.738,1
Ap14.739,1
Ap14.908,1
Ap14.1969,1
Ap14.1968,1
Ap14.1388,1
Ap14.1036,1
Ap14.1425,1
Ap14.1923,1
Ap14.1924,1
Ap14.341,1
Ap14.347,1
Ap14.346,1
Ap14.1891,1
Ap14.1890,1
Ap14.1796,1
Ap14.1302,1
Ap14.1300,1
Ap14.1305,1
Ap14.1304,1
Ap14.2027,1
Ap14.2026,1
Ap14.1172,1
Ap14.278,1
Ap14.70,1
Ap14.1812,1
Ap14.1816,1
Ap14.1815,1
Ap14.1814,1
Ap14.1818,1
Ap14.158,1
Ap14.156,1
Ap14.89,1
Ap14.174,1
Ap14.84,1
Ap14.87,1
Ap14.178,1
Ap14.1440,1
Ap14.1444,1
Ap14.1996,1
Ap14.785,1
Ap14.1666,1
Ap14.1660,1
Ap14.1661,1
Ap14.1464,1
Ap14.1869,1
Ap14.1235,1
Ap14.1234,2
Ap14.1230,1
Ap14.222,1
Ap14.1544,1
Ap14.1547,1
Ap14.929,1
Ap14.1060,1
Ap14.1917,1
Ap14.992,1
Ap14.993,1
Ap14.1034,1
Ap14.2019,1
Ap14.1704,1
Ap14.1703,1
Ap14.1702,1
Ap14.934,1
Ap14.931,1
Ap14.938,1
Ap14.741,1
Ap14.1863,1
Ap14.1559,1
Ap14.401,1
Ap14.1879,1
Ap14.502,1
Ap14.500,2
Ap14.506,1
Ap14.1788,1
Ap14.1787,1
Ap14.1786,1
Ap14.1780,1
Ap14.1121,1
Ap14.1127,1
Ap14.1126,1
Ap14.312,1
Ap14.310,1
Ap14.311,1
Ap14.871,1
Ap14.875,1
Ap14.77,1
Ap14.295,1
Ap14.2053,1
Ap14.2050,1
Ap14.1630,1
Ap14.1637,1
Ap14.1635,1
Ap14.395,1
Ap14.988,1
Ap14.464,1
Ap14.466,2
Ap14.467,1
Ap14.460,1
Ap14.1866,1
Ap14.1864,1
Ap14.1865,1
Ap14.1246,1
Ap14.1245,1
Ap14.1257,1
Ap14.1436,1
Ap14.1433,1
Ap14.1779,1
Ap14.716,1
Ap14.717,1
Ap14.714,1
Ap14.710,1
Ap14.711,1
Ap14.1051,1
Ap14.1058,1
Ap14.329,1
Ap14.322,1
Ap14.327,1
Ap14.326,1
Ap14.325,1
Ap14.2012,1
Ap14.796,1
Ap14.794,1
Ap14.160,1
Ap14.26,1
Ap14.1328,1
Ap14.2009,1
Ap14.1484,1
Ap14.1482,1
Ap14.722,1
Ap14.1158,1
Ap14.457,1
Ap14.398,1
Ap14.171,1
Ap14.305,1
Ap14.304,1
Ap14.306,1
Ap14.300,1
Ap14.694,1
Ap14.699,1
Ap14.9,1
Ap14.1028,1
Ap14.1029,1
Ap14.2023,1
Ap14.539,1
Ap14.1214,1
Ap14.240,1
Ap14.974,2
Ap14.1976,1
Ap14.1973,1
Ap14.6,1
Ap14.1724,1
Ap14.1720,1
Ap14.954,1
Ap14.956,1
Ap14.957,1
Ap14.370,1
Ap14.1295,1
Ap14.216,1
Ap14.380,1
Ap14.1885,1
Ap14.16,1
Ap14.15,1
Ap14.18,1
Ap14.1470,1
Ap14.2037,1
Ap14.2038,1
Ap14.2039,1
Ap14.1101,1
Ap14.1106,1
Ap14.1801,1
Ap14.1806,1
Ap14.1807,1
Ap14.1808,1
Ap14.140,1
Ap14.146,1
Ap14.98,1
Ap14.96,1
Ap14.97,1
Ap14.94,1
Ap14.93,1
Ap14.1068,1
Ap14.1227,1
Ap14.239,1
Ap14.238,1
Ap14.237,1
Ap14.1525,1
Ap14.1928,1
Ap14.1692,1
Ap14.1694,1
Ap14.789,1
Ap14.788,1
Ap14.1251,1
Ap14.784,1
Ap14.768,1
Ap14.1718,1
Ap14.1596,1
Ap14.1597,1
Ap14.924,1
Ap14.927,2
Ap14.1550,1
Ap14.847,1
Ap14.157,1
Ap14.1071,1
Ap14.88,1
Ap14.1798,1
Ap14.1799,1
Ap14.1794,1
Ap14.1790,1
Ap14.385,1
Ap14.110,1
Ap14.111,1
Ap14.112,1
Ap14.113,1
Ap14.118,1
Ap14.119,1
Ap14.1628,1
Ap14.1623,1
Ap14.1626,1
Ap14.387,1
Ap14.386,1
Ap14.1011,1
Ap14.521,1
Ap14.522,1
Ap3.1973,1
Ap3.1067,2
Ap3.1065,1
Ap3.1064,1
Ap3.1350,1
Ap3.259,1
Ap3.877,1
Ap3.870,1
Ap3.873,1
Ap3.878,1
Ap3.879,1
Ap3.2488,1
Ap3.2482,1
Ap3.2483,1
Ap3.474,1
Ap3.477,1
Ap3.478,1
Ap3.1927,1
Ap3.1920,1
Ap3.38,1
Ap3.35,1
Ap3.34,1
Ap3.36,1
Ap3.31,2
Ap3.30,1
Ap3.2059,1
Ap3.2056,1
Ap3.2053,1
Ap3.2051.1.5f15e662,1
Ap3.1882,1
Ap3.2314,1
Ap3.2315,1
Ap3.1578,1
Ap3.760,1
Ap3.769,1
Ap3.1445,1
Ap3.251,1
Ap3.252,1
Ap3.257,1
Ap3.1309,1
Ap3.1303,1
Ap3.1304,1
Ap3.358,1
Ap3.1195,1
Ap3.1809,1
Ap3.1119,1
Ap3.2393,1
Ap3.1176,1
Ap3.2155,1
Ap3.2158,2
Ap3.1831,1
Ap3.1832,1
Ap3.2459,1
Ap3.2452,1
Ap3.2457,1
Ap3.2456,1
Thr_688_exon,1
Ap3.1434,1
Ap3.1435,1
Ap3.1386,1
Ap3.1387,1
Ap3.1384,1
Ap3.939,1
Ap3.934,1
Ap3.2298,1
Ap3.485,1
Ap3.487,1
Ap3.151,1
Ap3.1016,1
Ap3.1017,1
Ap3.1010,1
Ap3.228,1
Ap3.227,1
Ap3.2213,1
Ap3.1992,1
Ap3.1994,2
Ap3.386,1
Ap3.2027,1
Ap3.2024,1
Ap3.1540,1
Ap3.1541,1
Ap3.1542,1
Ap3.1545,1
Ap3.1546,2
Ap3.1548,1
Ap3.801,1
Ap3.2188,1
Ap3.1033,2
Ap3.1034,1
Ap3.1971,1
Ap3.1972,1
Ap3.306,1
Ap3.305,1
Ap3.303,1
Ap3.49,1
Ap3.47,1
Ap3.41,1
Ap3.42,1
Ap3.43,1
Ap3.560,1
Ap3.561,2
Ap3.690,1
Ap3.691,1
Ap3.1838,1
Ap3.1839,1
Ap3.2341,1
Ap3.1295,1
Ap3.1878,1
Ap3.1879,1
Ap3.1877,1
Ap3.884,1
Ap3.880,1
Ap3.882,1
Ap3.2109,2
Ap3.2101,2
Ap3.2103,1
Ap3.713,1
Ap3.719,1
Ap3.718,1
Ap3.1661,1
Ap3.1660,1
Ap3.1664,1
Ap3.1297,1
Ap3.1247,1
Ap3.1466,1
Ap3.1469,1
Ap3.1468,1
Ap3.104,1
Ap3.105,1
Ap3.106,1
Ap3.107,1
Ap3.103,1
Ap3.108,1
Ap3.2319,1
Ap3.797,1
Ap3.792,1
Ap3.2422,1
Ap3.2420,1
Ap3.961,1
Ap3.965,1
Ap3.2221,1
Ap3.2222,1
Ap3.189,1
Ap3.184,1
Ap3.186,2
Ap3.180,1
Ap3.182,1
Ap3.1255,1
Ap3.99,1
Ap3.96,1
Ap3.95,1
Ap3.93,1
Ap3.90,1
Ap3.1570,1
Ap3.667,1
Ap3.669,1
Ap3.668,1
Ap3.1597,1
Ap3.1047,1
Ap3.274,1
Ap3.275,1
Ap3.1077,1
Ap3.857,1
Ap3.854,1
Ap3.853,1
Ap3.851,1
Ap3.243,1
Ap3.240,1
Ap3.247,1
Ap3.453,1
Ap3.451,1
Ap3.1947,1
Ap3.1941,1
Ap3.1942,2
Ap3.1365,1
Ap3.1162,2
Ap3.332,1
Ap3.2505,1
Ap3.2507,1
Ap3.2503,1
Ap3.1441,1
Ap3.1443,1
Ap3.16,1
Ap3.14,1
Ap3.12,1
Ap3.19,1
Ap3.18,1
Ap3.559,1
Ap3.1751,1
Ap3.1750,1
Ap3.2339,1
Ap3.2136,1
Ap3.2138,1
Ap3.1164,1
Ap3.749,1
Ap3.746,2
Ap3.747,1
Ap3.2000,1
Ap3.1133,1
Ap3.2477,1
Ap3.2479,1
Ap3.1485,1
Ap3.1410,2
Ap3.1418,2
Ap3.958,1
Ap3.2270,1
Ap3.172,1
Ap3.1531,1
Ap3.1539,1
Ap3.1538,1
Ap3.1204,1
Ap3.1769,1
Ap3.1075,1
Ap3.1073,1
Ap3.249,1
Ap3.248,1
Ap3.867,1
Ap3.861,1
Ap3.869,1
Ap3.467,1
Ap3.466,1
Ap3.465,1
Ap3.468,1
Ap3.1916,1
Ap3.1919,1
Ap3.28,1
Ap3.29,1
Ap3.25,1
Ap3.2042,1
Ap3.1897,1
Ap3.580,1
Ap3.1762,1
Ap3.1577,1
Ap3.550,1
Ap3.776,1
Ap3.774,1
Ap3.1766,1
Ap3.1767,1
Ap3.1337,1
Ap3.1336,1
Ap3.1335,1
Ap3.1763,1
Ap3.1339,1
Ap3.361,1
Ap3.368,1
Ap3.369,1
Ap3.984,1
Ap3.980,1
Ap3.983,1
Ap3.501,1
Ap3.503,1
Ap3.504,1
Ap3.505,1
Ap3.1810,1
Ap3.1470,1
Ap3.1471,1
Ap3.1100,1
Ap3.1101,1
Ap3.1104,1
Ap3.2369,1
Ap3.2361,1
Ap3.2360,2
Ap3.2363,1
Ap3.2163,1
Ap3.2160,1
Ap3.1605,2
Ap3.1601,1
Ap3.292,1
Ap3.900,1
Ap3.901,1
Ap3.128,1
Ap3.129,1
Ap3.126,1
Ap3.123,1
Ap3.119,1
Ap3.2157,1
Ap3.218,1
Ap3.214,1
Ap3.216,2
Ap3.210,1
Ap3.212,1
Ap3.2195,1
Ap3.2094,1
Ap3.1630,1
Ap3.2202,1
Ap3.2205,1
Ap3.431,1
Ap3.1636,1
Ap3.2508,1
Ap3.2011,1
Ap3.600,1
Ap3.1252,1
Ap3.1186,1
Ap3.839,1
Ap3.830,1
Ap3.831,1
Ap3.834,1
Ap3.835,1
Ap3.836,1
Ap3.837,1
Ap3.546,1
Ap3.541,1
Ap3.293,1
Ap3.1221,1
Ap3.1224,1
Ap3.1961,1
Ap3.1343,1
Ap3.1341,1
Ap3.318,1
Ap3.313,1
Ap3.314,1
Ap3.71,1
Ap3.73,1
Ap3.1436,1
Ap3.571,1
Ap3.570,1
Ap3.575,1
Ap3.2354,1
Ap3.2357,1
Ap3.2352,1
Ap3.1535,1
Ap3.1534,1
Ap3.1537,1
Ap3.2116,1
Ap3.2115,1
Ap3.2113,1
Ap3.2110,1
Ap3.2111,1
Ap3.2118,1
Ap3.729,2
Ap3.241,1
Ap3.1037,1
Ap3.152,1
Ap3.1845,1
Ap3.1841,1
Ap3.1840,1
Ap3.2415,1
Ap3.2413,1
Ap3.2418,1
Ap3.1423,1
Ap3.977,1
Ap3.972,1
Ap3.2254,1
Ap3.199,1
Ap3.198,1
Ap3.197,1
Ap3.195,1
Ap3.192,1
Ap3.1643,1
Ap3.1749,1
Ap3.84,1
Ap3.85,1
Ap3.86,1
Ap3.88,1
Ap3.1746,1
Ap3.1584,1
Ap3.1586,1
Ap3.1580,1
Ap3.1581,1
Ap3.1583,1
Ap3.269,1
Ap3.268,1
Ap3.265,1
Ap3.260,1
Ap3.262,1
Ap3.1093,1
Ap3.843,1
Ap3.849,2
Ap3.848,1
Ap3.1192,1
Ap3.2497,1
Ap3.2495,1
Ap3.2493,1
Ap3.2491,1
Ap3.1107,1
Ap3.445,1
Ap3.444,1
Ap3.442,1
Ap3.624,1
Ap3.1938,1
Ap3.1933,2
Ap3.1935,1
Ap3.2513,1
Ap3.2510,1
Ap3.2063,1
Ap3.2308,1
Ap3.2307,1
Ap3.1493,1
Ap3.1507,1
Ap3.751,1
Ap3.750,1
Ap3.757,1
Ap3.1368,1
Ap3.1366,1
Ap3.1318,1
Ap3.1315,1
Ap3.1317,1
Ap3.1311,1
Ap3.1310,1
Ap3.330,1
Ap3.528,1
Ap3.529,1
Ap3.2502,1
Ap3.1871,1
Ap3.1872,1
Ap3.1298,1
Ap3.1299,1
Ap3.1128,1
Ap3.2382,1
Ap3.2385,1
Ap3.2389,1
Ap3.2144,1
Ap3.2141,1
Ap3.2149,1
Ap3.2148,1
Ap3.2469,1
Ap3.2465,1
Ap3.2462,1
Ap3.1250,1
Ap3.927,1
Ap3.925,1
Ap3.929,1
Ap3.2261,1
Ap3.2262,1
Ap3.2266,1
Ap3.499,1
Ap3.492,1
Ap3.493,1
Ap3.491,1
Ap3.148,1
Ap3.140,1
Ap3.143,1
Ap3.145,2
Ap3.146,1
Ap3.147,1
Ap3.8,2
Ap3.5,1
Ap3.1210,2
Ap3.1211,1
Ap3.1218,1
Ap3.1219,1
Ap3.2440,1
Ap3.2445,1
Ap3.1003,1
Ap3.1007,1
Ap3.236,1
Ap3.232,1
Ap3.238,2
Ap3.239,1
Ap3.1147,1
Ap3.1752,1
Ap3.1903,1
Ap3.1905,1
Ap3.1448,1
Ap3.2039,2
Ap3.2031,1
Ap3.2030,1
Ap3.2035,1
Ap3.596,1
Ap3.595,1
Ap3.626,1
Ap3.1554,1
Ap3.1324,1
Ap3.814,1
Ap3.819,1
Ap3.1001,1
Ap3.157,1
Ap3.1329,1
Ap3.1321,1
Ap3.1323,2
Ap3.371.1.5f15e295,1
Ap3.376,1
Ap3.992,1
Ap3.998,1
Ap3.59,1
Ap3.57,1
Ap3.56,1
Ap3.55,1
Ap3.54,1
Ap3.516,1
Ap3.518,1
Ap3.1825,1
Ap3.1824,1
Ap3.2371,2
Ap3.2175,1
Ap3.2171,1
Ap3.2173,2
Ap3.702,2
Ap3.1615,1
Ap3.1613,2
Ap3.281,2
Ap3.289,1
Ap3.919,1
Ap3.133,1
Ap3.137,1
Ap3.1175,1
Ap3.789,1
Ap3.783,1
Ap3.787,1
Ap3.785,1
Ap3.208,1
Ap3.207,1
Ap3.206.1.5f15e20a,1
Ap3.204,1
Ap3.201,1
Ap3.200,1
Ap3.1807,1
Ap3.2438,1
Ap3.2437,1
Ap3.2431,1
Ap3.2432,1
Ap3.2028,1
Ap3.2234,1
Ap3.2232,1
Ap3.2093,1
Ap3.2096,1
Ap3.1245,1
Ap3.2001,1
Ap3.2003,1
Ap3.2004,1
Ap3.2007,1
Ap3.2008,1
Ap3.2009,1
Ap3.675,1
Ap3.1498,1
Ap3.1491,1
Ap3.1497,1
Ap3.829,1
Ap3.826,1
Ap3.824,1
Ap3.1952,1
Ap3.1379,1
Ap3.1377,1
Ap3.324,1
Ap3.325,1
Ap3.323,1
Ap3.1078,1
Ap3.63,1
Ap3.60,1
Ap3.67,1
Ap3.68,2
Ap3.69,1
Ap3.548,1
Ap3.544,1
Ap3.545,1
Ap3.542,1
Ap3.543,1
Ap3.2320,1
Ap3.2329,1
Ap3.1095,1
Ap3.1099,1
Ap3.2122,1
Ap3.733,1
Ap3.732,1
Ap3.730,1
Ap3.802,1
Ap3.2159,1
Ap3.1868,1
Ap3.2403,1
Ap3.1401,1
Ap3.1402,1
Ap3.1409,2
Ap3.1408,1
Ap3.940,1
Ap3.945,1
Ap3.948,1
Ap3.2243,1
Ap3.2240,1
Ap3.2249,1
Ap3.166,1
Ap3.165,1
Ap3.1599,1
Ap3.1599,1
Ap3.1236,1
Ap3.1237,1
Ap3.1235,1
Ap3.1232,1
Ap3.1231,1
Ap3.1238,1
Ap3.1239,1
Ap12.1579,1
Ap12.1576,1
Ap12.1573,1
Ap12.609,1
Ap12.2179,1
Ap12.2176,1
Ap12.2174,1
Ap12.464,1
Ap12.130,1
Ap12.1771,1
Ap12.534,1
Ap12.535,1
Ap12.537,1
Ap12.1986,1
Ap12.1988,1
Ap12.2726,1
Ap12.2723,1
Ap12.2721,1
Ap12.2504,1
Ap12.2509,1
Ap12.453,1
Ap12.452,1
Ap12.456,1
Ap12.454,1
Ap12.458,1
Ap12.2263,1
Ap12.2266,1
Ap12.2264,1
Ap12.872,1
Ap12.874,1
Ap12.1112,1
Ap12.2796,1
Ap12.2795,1
Ap12.2794,1
Ap12.1653,1
Ap12.1015,1
Ap12.2037,1
Ap12.2694,1
Ap12.58,1
Ap12.1357,1
Ap12.1219,1
Ap12.1213,1
Ap12.1469,1
Ap12.780,1
Ap12.539,2
Ap12.681,1
Ap12.2180,1
Ap12.2454,1
Ap12.2450,2
Ap12.2453,1
Ap12.2459,1
Ap12.2616,1
Ap12.2615,1
Ap12.2613,1
Ap12.2610,1
Ap12.1072,1
Ap12.1071,1
Ap12.478,1
Ap12.1446,1
Ap12.134,1
Ap12.135,1
Ap12.2022,1
Ap12.2808,1
Ap12.1669,1
Ap12.540,1
Ap12.542,1
Ap12.545,1
Ap12.549,1
Ap12.1594,1
Ap12.1499,1
Ap12.1302,1
Ap12.1305,1
Ap12.1306,1
Ap12.6,1
Ap12.1977,1
Ap12.1974,1
Ap12.102,1
Ap12.945,1
Ap12.947,1
Ap12.946,1
Ap12.941,1
Ap12.942,1
Ap12.1198,1
Ap12.1191,1
Ap12.1197,1
Ap12.2554,1
Ap12.2557,1
Ap12.1157,2
Ap12.1529,2
Ap12.1528,1
Ap12.1727,1
Ap12.1720,1
Ap12.275,1
Ap12.2396,1
Ap12.2395,1
Ap12.115,1
Ap12.112,1
Ap12.113,1
Ap12.1666,1
Ap12.1667,2
Ap12.1103,1
Ap12.1100,1
Ap12.1340,1
Ap12.1735,1
Ap12.2216,1
Ap12.2217,1
Ap12.114,1
Ap12.1083,1
Ap12.1086,1
Ap12.1084,1
Ap12.820,1
Ap12.824,1
Ap12.825,1
Ap12.1837,1
Ap12.1832,1
Ap12.1831,2
Ap12.2763,1
Ap12.2760,2
Ap12.2408,1
Ap12.2403,1
Ap12.2407,1
Ap12.1037,1
Ap12.1038,1
Ap12.1411,1
Ap12.1415,1
Ap12.1414,1
Ap12.1627,1
Ap12.1959,1
Ap12.383,1
Ap12.382,1
Ap12.381,1
Ap12.657,1
Ap12.656,1
Ap12.2481,1
Ap12.1699,1
Ap12.1342,1
Ap12.2649,1
Ap12.87,1
Ap12.86,1
Ap12.2366,1
Ap12.2367,1
Ap12.1583,2
Ap12.919,1
Ap12.1581,1
Ap12.2711,1
Ap12.141,1
Ap12.1493,1
Ap12.840,1
Ap12.2563,1
Ap12.2566,1
Ap12.2567,1
Ap12.118,1
Ap12.892,2
Ap12.891,1
Ap12.890,1
Ap12.1510,1
Ap12.1511,1
Ap12.2157,1
Ap12.1292,1
Ap12.1291,1
Ap12.1295,1
Ap12.1757,1
Ap12.1754,1
Ap12.1752,1
Ap12.513,1
Ap12.511,1
Ap12.1201,1
Ap12.1207,1
Ap12.1413,1
Ap12.497,1
Ap12.494,1
Ap12.498,1
Ap12.725,1
Ap12.246,1
Ap12.245,1
Ap12.243,1
Ap12.240,1
Ap12.241,1
Ap12.2486,1
Ap12.2241,1
Ap12.2242,1
Ap12.2247,1
Ap12.2249,1
Ap12.2248,1
Ap12.1138,1
Ap12.813,1
Ap12.812,1
Ap12.818,1
Ap12.1844,1
Ap12.1842,1
Ap12.2739,1
Ap12.2738,1
Ap12.2735,1
Ap12.2736,1
Ap12.2222,1
Ap12.225,1
Ap12.1067,1
Ap12.39,1
Ap12.1420,2
Ap12.1665,1
Ap12.1388,1
Ap12.54,1
Ap12.2478,1
Ap12.2472,1
Ap12.2471,1
Ap12.2477,1
Ap12.2474,1
Ap12.1078,1
Ap12.1076,1
Ap12.1075,1
Ap12.2672,1
Ap12.2752,1
Ap12.2751,1
Ap12.920,2
Ap12.461,1
Ap12.466,1
Ap12.116,1
Ap12.110,2
Ap12.111,1
Ap12.2828,1
Ap12.2825,1
Ap12.2827,1
Ap12.2826,1
Ap12.2821,1
Ap12.2820,1
Ap12.358,1
Ap12.353,1
Ap12.168,1
Ap12.1548,1
Ap12.1543,1
Ap12.1542,2
Ap12.1547,1
Ap12.2168,1
Ap12.2164,1
Ap12.2165,1
Ap12.2166,2
Ap12.2167,1
Ap12.2161,1
Ap12.2162,1
Ap12.2163,1
Ap12.2788,1
Ap12.2789,1
Ap12.2783,1
Ap12.2784,1
Ap12.2787,1
Ap12.1789,1
Ap12.1788,1
Ap12.1787,1
Ap12.1783,1
Ap12.528,1
Ap12.523,1
Ap12.520,1
Ap12.1990,1
Ap12.1991,1
Ap12.2334,1
Ap12.2331,2
Ap12.2333,1
Ap12.2332,2
Ap12.1451,1
Ap12.202,1
Ap12.203,1
Ap12.201,1
Ap12.207,1
Ap12.205,1
Ap12.2538,1
Ap12.2533,1
Ap12.2531,2
Ap12.375,1
Ap12.2270,1
Ap12.2274,1
Ap12.2275,1
Ap12.841,1
Ap12.842,1
Ap12.843,1
Ap12.251,1
Ap12.252,1
Ap12.255,1
Ap12.2578,1
Ap12.1358,1
Ap12.2008,1
Ap12.1582,1
Ap12.772,1
Ap12.773,1
Ap12.770,1
Ap12.777,2
Ap12.85,1
Ap12.84,2
Ap12.1929,1
Ap12.1928,2
Ap12.12,1
Ap12.13,1
Ap12.621,1
Ap12.1684,1
Ap12.1685,1
Ap12.1359,2
Ap12.2626,1
Ap12.1049,1
Ap12.443,1
Ap12.1470,1
Ap12.1479,1
Ap12.2814,1
Ap12.1166,1
Ap12.2810,1
Ap12.2811,1
Ap12.2813,1
Ap12.2819,1
Ap12.1163,1
Ap12.1162,1
Ap12.1933,1
Ap12.2188,1
Ap12.1280,1
Ap12.1281,1
Ap12.571,1
Ap12.573,1
Ap12.1843,1
Ap12.1495,1
Ap12.1943,1
Ap12.1942,1
Ap12.1949,1
Ap12.2300,1
Ap12.1448,1
Ap12.1703,1
Ap12.2541,1
Ap12.2,1
Ap12.3,1
Ap12.9,1
Ap12.1532,1
Ap12.1535,1
Ap12.1014,1
Ap12.1710,1
Ap12.287,1
Ap12.285,1
Ap12.288,1
Ap12.289,1
Ap12.1716,1
Ap12.1715,1
Ap12.1612,1
Ap12.2227,1
Ap12.2226,1
Ap12.2223,1
Ap12.2221,1
Ap12.838,1
Ap12.663,1
Ap12.2759,1
Ap12.2756,1
Ap12.2755,1
Ap12.2753,1
Ap12.1390,1
Ap12.895,1
Ap12.2411,2
Ap12.1232,1
Ap12.1588,1
Ap12.1587,1
Ap12.106,1
Ap12.1328,1
Ap12.1051,1
Ap12.475,1
Ap12.2158,1
Ap12.1218,1
Ap12.660,1
Ap12.2652,1
Ap12.2651,1
Ap12.96,1
Ap12.2351,1
Ap12.132,1
Ap12.140,1
Ap12.907,1
Ap12.1194,1
Ap12.1484,1
Ap12.1482,1
Ap12.1483,2
Ap12.1488,1
Ap12.171,1
Ap12.172,2
Ap12.175,1
Ap12.177,1
Ap12.2598,1
Ap12.2593,1
Ap12.378,1
Ap12.1565,1
Ap12.1566,1
Ap12.2142,1
Ap12.2141,1
Ap12.2146,1
Ap12.212,2
Ap12.1766,1
Ap12.1765,1
Ap12.1769,1
Ap12.506,1
Ap12.503,1
Ap12.502,1
Ap12.1704,1
Ap12.1707,1
Ap12.1706,1
Ap12.98,2
Ap12.99,1
Ap12.90,1
Ap12.2254,1
Ap12.2252.1.5f15e673,1
Ap12.2252.2.5f15e674,1
Ap12.1938,1
Ap12.1872,1
Ap12.1871,1
Ap12.1817,1
Ap12.1811,1
Ap12.2728,1
Ap12.2729,1
Ap12.2680,1
Ap12.42,1
Ap12.798,1
Ap12.796,1
Ap12.797,1
Ap12.1303,2
Ap12.1225,1
Ap12.2724,1
Ap12.2191,1
Ap12.2190,1
Ap12.2195,1
Ap12.2196,1
Ap12.2445,1
Ap12.2444,1
Ap12.2449,2
Ap12.1279,1
Ap12.1272,1
Ap12.2604,1
Ap12.1432,1
Ap12.1551,2
Ap12.1552,1
Ap12.2113,1
Ap12.1016,1
Ap12.1792,1
Ap12.1790,1
Ap12.1791,1
Ap12.1795,1
Ap12.559,1
Ap12.554,1
Ap12.555,1
Ap12.1965,1
Ap12.2091,1
Ap12.2098,1
Ap12.2328,1
Ap12.1930,1
Ap12.188,1
Ap12.1188,1
Ap12.1186,1
Ap12.2529,1
Ap12.2524,1
Ap12.2527,1
Ap12.2522,1
Ap12.2523,1
Ap12.377,1
Ap12.374,1
Ap12.372,1
Ap12.810,1
Ap12.1717,1
Ap12.1971,1
Ap12.1175,1
Ap12.1888,2
Ap12.672,1
Ap12.1425,1
Ap12.73,1
Ap12.1718,1
Ap12.260,1
Ap12.2015,1
Ap12.2017,1
Ap12.2012,1
Ap12.1331,1
Ap12.1335,2
Ap12.1336,1
Ap12.1337,1
Ap12.68,1
Ap12.764,1
Ap12.760,1
Ap12.763,1
Ap12.2201,1
Ap12.2200,1
Ap12.2771,1
Ap12.762,1
Ap12.2439,1
Ap12.2436,1
Ap12.2434,1
Ap12.2435,1
Ap12.2431,1
Ap12.2637,1
Ap12.1227,1
Ap12.1222,1
Ap12.1460,1
Ap12.2285,1
Ap12.2282,1
Ap12.2289,1
Ap12.505,1
Ap12.16,1
Ap12.642,1
Ap12.500,1
Ap12.566,1
Ap12.565,1
Ap12.1046,1
Ap12.1045,1
Ap12.1040,1
Ap12.1953,1
Ap12.2372,1
Ap12.2375,1
Ap12.968,1
Ap12.335,1
Ap12.459,1
Ap12.2576,1
Ap12.474,1
Ap12.1672,1
Ap12.888,1
Ap12.889,1
Ap12.887,1
Ap12.1507,1
Ap12.1506,1
Ap12.1503,1
Ap12.1501,1
Ap12.1508,1
Ap12.129,1
Ap12.1165,1
Ap12.1167,1
Ap12.1168,1
Ap12.1085,1
Ap12.1527,1
Ap12.486,2
Ap12.480,1
Ap12.482,1
Ap12.737,1
Ap12.1147,1
Ap12.1143,1
Ap12.1141,1
Ap12.939,1
Ap12.800,1
Ap12.805,1
Ap12.808,1
Ap12.1850,1
Ap12.1857,1
Ap12.2744,1
Ap12.2745,1
Ap12.2746,1
Ap12.2747,1
Ap12.2742,1
Ap12.2743,1
Ap12.1605,1
Ap12.711,1
Ap12.1265,1
Ap12.2568,1
Ap12.2513,1
Ap12.167,1
Ap12.404,1
Ap12.2505,1
Ap12.1430,1
Ap12.1729,1
Ap12.1723,1
Ap12.131,1
Ap12.1095,1
Ap12.1094,1
Ap12.1092,2
Ap12.76,1
Ap12.670,1
Ap12.675,1
Ap12.2468,1
Ap12.2465,1
Ap12.2464,1
Ap12.1007,1
Ap12.2669,1
Ap12.1905,1
Ap12.2349,1
Ap12.2345,1
Ap12.934,2
Ap12.932,1
Ap12.164,1
Ap12.1821,1
Ap12.1635,1
Ap12.1631,1
Ap12.2582,1
Ap12.2580,1
Ap12.363,1
Ap5.111,1
Ap5.115,1
Ap5.117,1
Ap5.702,1
Ap5.709,1
Ap5.2014,1
Ap5.2017,1
Ap5.1253,1
Ap5.1257,1
Ap5.1255,1
Ap5.1753,1
Ap5.987,1
Ap5.989,1
Ap5.1195,1
Ap5.1194,1
Ap5.1192,1
Ap5.2465,1
Ap5.1915,1
Ap5.369,1
Ap5.2330,1
Ap5.2804,1
Ap5.2803,1
Ap5.169,1
Ap5.832,1
Ap5.1114,1
Ap5.1110,1
Ap5.1113,1
Ap5.1412,1
Ap5.1659,1
Ap5.2271,1
Ap5.71,1
Ap5.70,1
Ap5.2719,1
Ap5.285,1
Ap5.284,1
Ap5.286,1
Ap5.283,1
Ap5.2670,1
Ap5.1326,1
Ap5.1320,1
Ap5.1329,1
Ap5.2106,1
Ap5.2100,1
Ap5.2539,2
Ap5.2533,1
Ap5.2531,1
Ap5.677,1
Ap5.679,1
Ap5.2814,1
Ap5.2733,1
Ap5.2739,1
Ap5.2887,1
Ap5.2885,1
Ap5.2889,1
Ap5.2224,1
Ap5.208,1
Ap5.206,2
Ap5.200,1
Ap5.202,1
Ap5.974,1
Ap5.564,1
Ap5.560,1
Ap5.561,1
Ap5.562,2
Ap5.563,1
Ap5.569,1
Ap5.1043,1
Ap5.1041,1
Ap5.1204,1
Ap5.1206,1
Ap5.2591,1
Ap5.2592,1
Ap5.2593,1
Ap5.197,1
Ap5.2472,1
Ap5.1191,1
Ap5.2816,1
Ap5.1156,1
Ap5.686,1
Ap5.353,1
Ap5.352,1
Ap5.351,1
Ap5.354,1
Ap5.1948,1
Ap5.606,1
Ap5.1646,1
Ap5.118,1
Ap5.816,1
Ap5.1128,1
Ap5.1124,1
Ap5.1125,1
Ap5.1918,1
Ap5.1917,1
Ap5.1916,1
Ap5.1913,1
Ap5.42,1
Ap5.47,1
Ap5.956,1
Ap5.951,1
Ap5.950,1
Ap5.1898,1
Ap5.1897,1
Ap5.609,1
Ap5.608,1
Ap5.2942,1
Ap5.1414,1
Ap5.1416,1
Ap5.1417,1
Ap5.1410,1
Ap5.1411,1
Ap5.2853,1
Ap5.2345,1
Ap5.881,1
Ap5.880,1
Ap5.1993,1
Ap5.1609,1
Ap5.2959,1
Ap5.2950.1.5f1690d1,1
Ap5.2954,1
Ap5.2956,1
Ap5.926,1
Ap5.921,1
Ap5.923,1
Ap5.928,1
Ap5.929,1
Ap5.1811,1
Ap5.2567,1
Ap5.121,1
Ap5.2769,1
Ap5.2760,1
Ap5.2246,1
Ap5.762,1
Ap5.493,1
Ap5.95,1
Ap5.516,1
Ap5.511,1
Ap5.518,1
Ap5.2698,1
Ap5.2340,1
Ap5.2402,1
Ap5.2407,1
Ap5.36,1
Ap5.32,1
Ap5.2361,1
Ap5.18,1
Ap5.15,1
Ap5.14,1
Ap5.17,2
Ap5.259,2
Ap5.2613,1
Ap5.2617,1
Ap5.2808,1
Ap5.2312,1
Ap5.2138,1
Ap5.2139,1
Ap5.2799,1
Ap5.2792,2
Ap5.148,1
Ap5.143,1
Ap5.859,1
Ap5.851,1
Ap5.856,1
Ap5.857,1
Ap5.2110,1
Ap5.1033,1
Ap5.261,1
Ap5.1349,1
Ap5.1345,1
Ap5.1340,1
Ap5.653,1
Ap5.650,1
Ap5.1112,2
Ap5.2908,2
Ap5.548,1
Ap5.549,1
Ap5.545,1
Ap5.543,1
Ap5.541,1
Ap5.1846,1
Ap5.1845,1
Ap5.1844,1
Ap5.1264,1
Ap5.1263,1
Ap5.1261,1
Ap5.639,1
Ap5.1657,1
Ap5.1654,1
Ap5.1653,1
Ap5.1651,2
Ap5.2217,1
Ap5.2215,1
Ap5.2211,1
Ap5.2219,1
Ap5.2218,1
Ap5.1745,1
Ap5.1746,1
Ap5.1747,1
Ap5.2825,1
Ap5.2451,1
Ap5.2450,1
Ap5.2454,1
Ap5.2456,1
Ap5.1189,1
Ap5.953,1
Ap5.969,1
Ap5.966,1
Ap5.967,1
Ap5.1395,1
Ap5.1461,1
Ap5.2325,2
Ap5.2165,1
Ap5.2145,1
Ap5.2144,1
Ap5.175,1
Ap5.179,1
Ap5.829,1
Ap5.828,1
Ap5.2244,1
Ap5.1106,1
Ap5.1668,1
Ap5.68,1
Ap5.69,1
Ap5.62,1
Ap5.879,1
Ap5.137,1
Ap5.499,1
Ap5.1432,1
Ap5.789,1
Ap5.787,1
Ap5.2390,1
Ap5.1145,1
Ap5.1980,1
Ap5.1984,1
Ap5.903,1
Ap5.570,1
Ap5.1833,1
Ap5.1054,1
Ap5.2140,1
Ap5.2140,1
Ap5.1216,1
Ap5.2358,1
Ap5.700,1
Ap5.704,1
Ap5.706,1
Ap5.2461,1
Ap5.2467,1
Ap5.2468,1
Ap5.24,1
Ap5.2731,1
Ap5.97,1
Ap5.96,1
Ap5.99,1
Ap5.1286,1
Ap5.1289,1
Ap5.1288,1
Ap5.2164,1
Ap5.2204,1
Ap5.2206,1
Ap5.2806,1
Ap5.1159,1
Ap5.1152,1
Ap5.1155,1
Ap5.1367,1
Ap5.1902,1
Ap5.1900,1
Ap5.1901,1
Ap5.1904,1
Ap5.2031,1
Ap5.34,1
Ap5.2631,1
Ap5.728,1
Ap5.729,1
Ap5.182,1
Ap5.632,1
Ap5.801,1
Ap5.1798,1
Ap5.1795,1
Ap5.1793,1
Ap5.1791,1
Ap5.873,1
Ap5.870,1
Ap5.871,1
Ap5.876,1
Ap5.400,1
Ap5.1610,1
Ap5.1614,1
Ap5.1615,2
Ap5.695,1
Ap5.241,1
Ap5.240,1
Ap5.243,1
Ap5.242,1
Ap5.244,1
Ap5.247,1
Ap5.937,1
Ap5.936,1
Ap5.935,1
Ap5.932,1
Ap5.931,1
Ap5.930,2
Ap5.939,2
Ap5.1361,1
Ap5.2579,1
Ap5.2570,1
Ap5.1000,1
Ap5.1007,1
Ap5.2318,1
Ap5.2776,1
Ap5.2772,1
Ap5.2773,1
Ap5.1663,1
Ap5.1661,1
Ap5.775,1
Ap5.2929,1
Ap5.2922,1
Ap5.525,1
Ap5.527,1
Ap5.1087,1
Ap5.2687,1
Ap5.2786,1
Ap5.1245,1
Ap5.1247,2
Ap5.316,1
Ap5.319,1
Ap5.2239,1
Ap5.1769,1
Ap5.1764,1
Ap5.1762,1
Ap5.1760,1
Ap5.1761,1
Ap5.1950,1
Ap5.1957,1
Ap5.1959,1
Ap5.2379,1
Ap5.2608,1
Ap5.866,1
Ap5.391,1
Ap5.390,1
Ap5.1452,1
Ap5.1044,1
Ap5.1049,1
Ap5.2819,1
Ap5.1045,1
Ap5.159,1
Ap5.154,1
Ap5.151,1
Ap5.849,1
Ap5.843,1
Ap5.842,1
Ap5.840,1
Ap5.846,1
Ap5.292,1
Ap5.290,1
Ap5.291,1
Ap5.297,1
Ap5.298,1
Ap5.299,1
Ap5.2086,1
Ap5.1335,1
Ap5.1336,1
Ap5.2928,1
Ap5.643,1
Ap5.2722,1
Ap5.2727,1
Ap5.2726,1
Ap5.2725,1
Ap5.2891,1
Ap5.2893,1
Ap5.2892,2
Ap5.2897,1
Ap5.2914,1
Ap5.550,1
Ap5.554,1
Ap5.556,1
Ap5.558,1
Ap5.1859,1
Ap5.1856,1
Ap5.1853,1
Ap5.80,1
Ap5.1276,1
Ap5.2822.2.5f15e773,1
Ap5.2208,1
Ap5.2277,1
Ap5.2449,1
Ap5.1867,1
Ap5.1868,1
Ap5.2612,1
Ap5.2611,1
Ap5.730,1
Ap5.732,1
Ap5.1383,1
Ap5.2064,1
Ap5.2067,1
Ap5.2062,1
Ap5.815,1
Ap5.696,1
Ap5.697,1
Ap5.692.1.5f15e3ae,1
Ap5.692,1
Ap5.693,1
Ap5.690,1
Ap5.2091,1
Ap5.2092,1
Ap5.1486,1
Ap5.1488,1
Ap5.1730,1
Ap5.9,2
Ap5.803,1
Ap5.102,1
Ap5.100,1
Ap5.108,1
Ap5.1137,2
Ap5.1136,1
Ap5.1133,1
Ap5.1132,1
Ap5.1131,1
Ap5.2322,1
Ap5.50,1
Ap5.53,1
Ap5.55,1
Ap5.2651,1
Ap5.1886,1
Ap5.2393,1
Ap5.2396,1
Ap5.2395,1
Ap5.610,1
Ap5.611,1
Ap5.1718,1
Ap5.2329,1
Ap5.1409,1
Ap5.1946,1
Ap5.1947,1
Ap5.899,1
Ap5.895,1
Ap5.388,1
Ap5.1242,2
Ap5.796,1
Ap5.1260,1
Ap5.2949,1
Ap5.2941,2
Ap5.2947,1
Ap5.2945,1
Ap5.1807,1
Ap5.1021,1
Ap5.1025,1
Ap5.1026,1
Ap5.2033,1
Ap5.113,1
Ap5.2759,1
Ap5.2251,1
Ap5.991,2
Ap5.994,1
Ap5.502.3.5f15e33f,1
Ap5.2041,1
Ap5.1535,1
Ap5.2583,1
Ap5.333,1
Ap5.1706,1
Ap5.1707,1
Ap5.1709,1
Ap5.2462,1
Ap5.134,1
Ap5.132,1
Ap5.2414,1
Ap5.2411,1
Ap5.2413,1
Ap5.2412,1
Ap5.1147,1
Ap5.1142,1
Ap5.817,1
Ap5.2354,1
Ap5.2351,1
Ap5.27,1
Ap5.580,1
Ap5.584,1
Ap5.585,1
Ap5.2105,1
Ap5.2626,1
Ap5.2627,1
Ap5.2625,1
Ap5.2623,1
Ap5.2933,1
Ap5.2937,1
Ap5.621,1
Ap5.2121,1
Ap5.2123,1
Ap5.2122,1
Ap5.2781,1
Ap5.2789,1
Ap5.1781,1
Ap5.2873,1
Ap5.2879,1
Ap5.864,1
Ap5.2266,1
Ap5.2267,1
Ap5.688,1
Ap5.1628,1
Ap5.1218,1
Ap5.1219,1
Ap5.943,1
Ap5.1356,1
Ap5.2147,1
Ap5.2146,1
Ap5.2099,1
Ap5.1010,1
Ap5.1015,1
Ap5.1016,1
Ap5.2167,1
Ap5.112,1
Ap5.2935,1
Ap5.744,1
Ap5.745,1
Ap5.746,1
Ap5.2939,1
Ap5.2936,1
Ap5.2605,1
Ap5.897,1
Ap5.2606,1
Ap5.533,1
Ap5.532,1
Ap5.537,1
Ap5.536,1
Ap5.535,2
Ap5.1553,1
Ap5.1552,1
Ap5.1873,1
Ap5.1876,1
Ap5.1877,1
Ap8.2843,1
Ap8.2842,2
Ap8.2844,1
Ap8.729,1
Ap8.2698,1
Ap8.2690,1
Ap8.2695,1
Ap8.2697,2
Ap8.1355,1
Ap8.2526,1
Ap8.2561,1
Ap8.2348,1
Ap8.1926,1
Ap8.444,1
Ap8.1100,1
Ap8.1736,1
Ap8.1730,1
Ap8.2655,1
Ap8.2657,1
Ap8.54,1
Ap8.573,1
Ap8.570,1
Ap8.578,1
Ap8.579,1
Ap8.681,1
Ap8.2196,1
Ap8.2193,1
Ap8.2191,1
Ap8.2444,1
Ap8.2441,1
Ap8.2442,1
Ap8.293,1
Ap8.295,1
Ap8.294,1
Ap8.298,1
Ap8.2229,1
Ap8.2228,1
Ap8.1966,1
Ap8.1969,1
Ap8.2761,1
Ap8.2763,1
Ap8.1228,1
Ap8.643,1
Ap8.452,2
Ap8.1071,1
Ap8.1076,1
Ap8.1005,1
Ap8.1145,1
Ap8.321,1
Ap8.2117,1
Ap8.828,1
Ap8.822,1
Ap8.823,1
Ap8.824,1
Ap8.255,1
Ap8.253,1
Ap8.1615,1
Ap8.209,1
Ap8.206,1
Ap8.779,1
Ap8.2689,1
Ap8.1958,1
Ap8.2577,2
Ap8.129,1
Ap8.1131,1
Ap8.244,1
Ap8.241,1
Ap8.248,1
Ap8.305,1
Ap8.306,1
Ap8.2019,1
Ap8.2802,1
Ap8.917,1
Ap8.1690,1
Ap8.2604,1
Ap8.2390,1
Ap8.2393,1
Ap8.2396,1
Ap8.2479,1
Ap8.630,1
Ap8.635,1
Ap8.636,1
Ap8.2165,1
Ap8.2162,1
Ap8.460,1
Ap8.464,1
Ap8.466,1
Ap8.2737,1
Ap8.2733,1
Ap8.2732,1
Ap8.2731,1
Ap8.2739,1
Ap8.85,1
Ap8.87,1
Ap8.1678,1
Ap8.2500,1
Ap8.2506,1
Ap8.680,1
Ap8.1046,1
Ap8.1047,1
Ap8.2328,1
Ap8.2329,1
Ap8.173,1
Ap8.178,1
Ap8.2079,1
Ap8.1165,1
Ap8.1164,1
Ap8.2048,1
Ap8.2040,1
Ap8.2042,1
Ap8.2044,1
Ap8.2827,1
Ap8.2823,1
Ap8.705.1.5f15e6aa,1
Ap8.706,1
Ap8.709,1
Ap8.2856,1
Ap8.1238,1
Ap8.944,1
Ap8.948,1
Ap8.2586,1
Ap8.2587,1
Ap8.1669,1
Ap8.233,2
Ap8.238,1
Ap8.2246,1
Ap8.1971,1
Ap8.789,1
Ap8.788,1
Ap8.1753,1
Ap8.2673,1
Ap8.2676,1
Ap8.2677,1
Ap8.2678,1
Ap8.78,1
Ap8.1617,1
Ap8.463,2
Ap8.926,1
Ap8.929,1
Ap8.1029,1
Ap8.946,1
Ap8.419,1
Ap8.418,1
Ap8.1209,1
Ap8.2555,1
Ap8.572,1
Ap8.304,2
Ap8.1006,1
Ap8.2139,1
Ap8.148,1
Ap8.147,1
Ap8.490,1
Ap8.493,1
Ap8.494,1
Ap8.2814,1
Ap8.1270,2
Ap8.2858,1
Ap8.2851,1
Ap8.907,1
Ap8.2375,1
Ap8.1935,1
Ap8.1931,1
Ap8.1933,1
Ap8.1673,1
Ap8.1114,1
Ap8.268,1
Ap8.267,1
Ap8.263,1
Ap8.2378,1
Ap8.1709,1
Ap8.1708,1
Ap8.1703,1
Ap8.2624,2
Ap8.1118,1
Ap8.884,1
Ap8.565,1
Ap8.567,2
Ap8.566,1
Ap8.563,1
Ap8.562,1
Ap8.883,1
Ap8.880,1
Ap8.881,1
Ap8.437,1
Ap8.2458,1
Ap8.2453,1
Ap8.1034,1
Ap8.2230,1
Ap8.829,1
Ap8.1842,1
Ap8.650,1
Ap8.2106,1
Ap8.2107,1
Ap8.1474,1
Ap8.1476,1
Ap8.1471,1
Ap8.192,1
Ap8.194,1
Ap8.195,1
Ap8.449,1
Ap8.839,1
Ap8.837,1
Ap8.2713,1
Ap8.2712,1
Ap8.1254,1
Ap8.1251,2
Ap8.1253,1
Ap8.1351,1
Ap8.1353,1
Ap8.1357,1
Ap8.2,1
Ap8.353,1
Ap8.1962,1
Ap8.116,1
Ap8.252,1
Ap8.2484,1
Ap8.1147,1
Ap8.2791,1
Ap8.2804,1
Ap8.2610,2
Ap8.2611,1
Ap8.2613,1
Ap8.2614,1
Ap8.1675,1
Ap8.684,1
Ap8.685,1
Ap8.689,1
Ap8.2384,1
Ap8.2380,1
Ap8.2381,1
Ap8.2401,1
Ap8.2406,1
Ap8.2265,1
Ap8.12,1
Ap8.11,1
Ap8.16,1
Ap8.14,1
Ap8.15,1
Ap8.608,1
Ap8.1073,1
Ap8.1072,1
Ap8.2155,1
Ap8.2154,1
Ap8.2480,1
Ap8.2483,1
Ap8.2482,1
Ap8.472,1
Ap8.470,1
Ap8.327,1
Ap8.326,2
Ap8.2556,1
Ap8.2725,1
Ap8.2820,1
Ap8.2728,2
Ap8.1264,1
Ap8.1260,1
Ap8.1263,1
Ap8.2826,1
Ap8.1289,1
Ap8.361,2
Ap8.1742,1
Ap8.161,1
Ap8.163,1
Ap8.165,1
Ap8.164,1
Ap8.2187,1
Ap8.2369,1
Ap8.2050,1
Ap8.320,1
Ap8.731,1
Ap8.1309,1
Ap8.1308,1
Ap8.2578,1
Ap8.2574,1
Ap8.1688,1
Ap8.1689,1
Ap8.1686,1
Ap8.1687,1
Ap8.2355,1
Ap8.2357,1
Ap8.2352,1
Ap8.2431,1
Ap8.2432,1
Ap8.2434,1
Ap8.201,1
Ap8.204,1
Ap8.205,1
Ap8.733,1
Ap8.2588,1
Ap8.1723,1
Ap8.2649,1
Ap8.1035,1
Ap8.41,1
Ap8.43,1
Ap8.1697,1
Ap8.588,1
Ap8.585,2
Ap8.282,1
Ap8.283,1
Ap8.285,1
Ap8.427,1
Ap8.2778,1
Ap8.2772,1
Ap8.2771,1
Ap8.1233,1
Ap8.1235,2
Ap8.1234,1
Ap8.671,1
Ap8.2818,1
Ap8.2819,1
Ap8.993,1
Ap8.1293,1
Ap8.1296,1
Ap8.1299,1
Ap8.1298,1
Ap8.1713,1
Ap8.1905,1
Ap8.2089,1
Ap8.330,1
Ap8.1120,1
Ap8.2549,2
Ap8.1088,1
Ap8.1084,1
Ap8.1081,1
Ap8.1083,1
Ap8.2363,1
Ap8.133,1
Ap8.130,1
Ap8.136,1
Ap8.1129,1
Ap8.898,1
Ap8.271,1
Ap8.270,1
Ap8.272,1
Ap8.274,1
Ap8.277,1
Ap8.2004,1
Ap8.2002,1
Ap8.2688,1
Ap8.1710,1
Ap8.1711,1
Ap8.2538,1
Ap8.2634,1
Ap8.2638,1
Ap8.963,1
Ap8.962,1
Ap8.965,1
Ap8.964,2
Ap8.967,1
Ap8.2465,1
Ap8.2204,1
Ap8.2203,1
Ap8.780,1
Ap8.36,1
Ap8.30,1
Ap8.38,1
Ap8.628,1
Ap8.1056,1
Ap8.1282,1
Ap8.2575,1
Ap8.2576,1
Ap8.2571,1
Ap8.1463,1
Ap8.1466,1
Ap8.189,1
Ap8.183,1
Ap8.184,1
Ap8.455,1
Ap8.450,1
Ap8.458,1
Ap8.844,1
Ap8.842,1
Ap8.841,1
Ap8.1148,2
Ap8.1954,1
Ap8.1955,1
Ap8.2708,1
Ap8.2707,1
Ap8.1243,1
Ap8.1246,1
Ap8.1470,1
Ap8.447,1
Ap8.2519,1
Ap8.2513,1
Ap8.2512,1
Ap8.2517,1
Ap8.1136,1
Ap8.1680,1
Ap8.2038,2
Ap8.2036,1
Ap8.1804,1
Ap8.1301,1
Ap8.1300,1
Ap8.1324,1
Ap8.1321,1
Ap8.2591,1
Ap8.2594,1
Ap8.527,1
Ap8.2418,1
Ap8.2419,2
Ap8.2415,1
Ap8.226,1
Ap8.1273,1
Ap8.1295,1
Ap8.1746,1
Ap8.1030,1
Ap8.694,1
Ap8.65,1
Ap8.62,1
Ap8.1795,1
Ap8.617,1
Ap8.614,1
Ap8.2140,1
Ap8.2141,1
Ap8.2142,1
Ap8.2144,1
Ap8.2145,1
Ap8.2146,1
Ap8.2148,1
Ap8.2498,1
Ap8.877,1
Ap8.871,1
Ap8.870,1
Ap8.2754,1
Ap8.2756,1
Ap8.947,1
Ap8.696,1
Ap8.1026,1
Ap8.1027,1
Ap8.1025,1
Ap8.316,2
Ap8.317,2
Ap8.2188,1
Ap8.1607,1
Ap8.158,1
Ap8.151,1
Ap8.486,1
Ap8.484,1
Ap8.485,2
Ap8.483,2
Ap8.481,1
Ap8.489,2
Ap8.318,1
Ap9.383,1
Ap9.384,1
Ap9.2624,1
Ap9.2626,1
Ap9.2622,1
Ap9.2628,1
Ap9.382,1
Ap9.2602,1
Ap9.1672,1
Ap9.1671,1
Ap9.84,2
Ap9.85,1
Ap9.81,1
Ap9.82,1
Ap9.83,1
Ap9.6,1
Ap9.1990,1
Ap9.277,1
Ap9.2315,1
Ap9.2318,1
Ap9.1976,1
Ap9.122,1
Ap9.120,1
Ap9.121,1
Ap9.2153,1
Ap9.2150,1
Ap9.1541,1
Ap9.856,1
Ap9.2553,1
Ap9.2353,1
Ap9.2357,1
Ap9.144,1
Ap9.140,2
Ap9.142,2
Ap9.1139,1
Ap9.1135,1
Ap9.1134,1
Ap9.2765,1
Ap9.2761,1
Ap9.1073,1
Ap9.2481,1
Ap9.2488,1
Ap9.2489,1
Ap9.647,1
Ap9.646,1
Ap9.2740.2.5f15e8c3,2
Ap9.400,1
Ap9.1207,1
Ap9.852,1
Ap9.855,1
Ap9.2198,1
Ap9.2675,1
Ap9.953,2
Ap9.569,1
Ap9.2251,1
Ap9.1820,1
Ap9.2597,1
Ap9.2440,1
Ap9.2443,1
Ap9.54,1
Ap9.53,1
Ap9.59,1
Ap9.58,1
Ap9.1967,1
Ap9.1963,1
Ap9.1107,1
Ap9.1103,1
Ap9.2739,1
Ap9.402,1
Ap9.2109,1
Ap9.139,1
Ap9.134,1
Ap9.130,1
Ap9.1187,1
Ap9.790,1
Ap9.795,1
Ap9.797,1
Ap9.796,1
Ap9.399,1
Ap9.388,1
Ap9.1747,1
Ap9.2278,1
Ap9.1612,1
Ap9.1613,1
Ap9.719,1
Ap9.2070,1
Ap9.2077,1
Ap9.2076,1
Ap9.1750,1
Ap9.133,1
Ap9.2606,1
Ap9.1188,1
Ap9.1189,1
Ap9.1183,2
Ap9.1693,1
Ap9.1695,1
Ap9.1699,1
Ap9.68,1
Ap9.69,2
Ap9.67,1
Ap9.1172,1
Ap9.1178,1
Ap9.219,1
Ap9.213,1
Ap9.214,1
Ap9.215,1
Ap9.2330,1
Ap9.2331,1
Ap9.2336,1
Ap9.1159,1
Ap9.1155,1
Ap9.1154,1
Ap9.2770,1
Ap9.1567,1
Ap9.1564,1
Ap9.1565,1
Ap9.1899,1
Ap9.2475,1
Ap9.2476,1
Ap9.1939,1
Ap9.2117,1
Ap9.1841,1
Ap9.1842,1
Ap9.1845,1
Ap9.1844,1
Ap9.317,1
Ap9.311,1
Ap9.310,1
Ap9.318,1
Ap9.2616,1
Ap9.2611,1
Ap9.2612,2
Ap9.1028,1
Ap9.504,1
Ap9.505,1
Ap9.506,1
Ap9.502,1
Ap9.503,1
Ap9.1228,1
Ap9.2047,1
Ap9.392,2
Ap9.2652,1
Ap9.2655,1
Ap9.2656,1
Ap9.2659,1
Ap9.2687,1
Ap9.101,1
Ap9.883,1
Ap9.885,1
Ap9.2700,1
Ap9.30,1
Ap9.1904,1
Ap9.1905,1
Ap9.157,1
Ap9.1126,1
Ap9.1125,1
Ap9.1616,1
Ap9.2758,1
Ap9.2759,1
Ap9.2754,1
Ap9.2755,1
Ap9.2756,1
Ap9.2757,1
Ap9.2751,1
Ap9.2753,1
Ap9.1215,1
Ap9.1217,1
Ap9.1212,1
Ap9.1824,1
Ap9.1009.1.5f15e6f0,1
Ap9.1005,1
Ap9.1004,1
Ap9.1000,1
Ap9.1589,1
Ap9.1581,1
Ap9.2760,1
Ap9.2763,1
Ap9.2321,1
Ap9.2259,1
Ap9.2258,2
Ap9.2358,1
Ap9.2350,1
Ap9.2354,1
Ap9.2355,1
Ap9.2356,1
Ap9.1087,1
Ap9.1500,1
Ap9.1505,1
Ap9.2435,1
Ap9.2437,1
Ap9.49,1
Ap9.40,1
Ap9.180,1
Ap9.1179,1
Ap9.2110,1
Ap9.2600,1
Ap9.102,1
Ap9.107,1
Ap9.109,1
Ap9.1242,1
Ap9.2577,1
Ap9.2031,1
Ap9.2033,1
Ap9.1712,1
Ap9.159,1
Ap9.156,1
Ap9.2264,1
Ap9.2267,1
Ap9.2261,1
Ap9.2067,1
Ap9.2069,1
Ap9.2637,2
Ap9.2636,1
Ap9.2633,1
Ap9.2630,1
Ap9.2639,1
Ap9.916,1
Ap9.192,1
Ap9.1664,1
Ap9.2401,1
Ap9.2402,1
Ap9.93,1
Ap9.92,1
Ap9.96,1
Ap9.99,1
Ap9.209,1
Ap9.207,1
Ap9.204,1
Ap9.1141,1
Ap9.1142,1
Ap9.2148,1
Ap9.1556,1
Ap9.1555,1
Ap9.1551,1
Ap9.5,1
Ap9.4,2
Ap9.1527,1
Ap9.18,1
Ap9.2483,1
Ap9.1927,1
Ap9.179,1
Ap9.178,1
Ap9.177,1
Ap9.2389,1
Ap9.287,1
Ap9.286,1
Ap9.2529,1
Ap9.322,1
Ap9.324,1
Ap9.325,2
Ap9.326,1
Ap9.118,2
Ap9.1062,1
Ap9.1067,1
Ap9.1066,1
Ap9.1453,1
Ap9.1451,1
Ap9.1454,1
Ap9.2333,1
Ap9.2239,1
Ap9.1231,1
Ap9.1238,1
Ap9.1791,1
Ap9.2645,2
Ap9.189,1
Ap9.1229,1
Ap9.751,1
Ap9.501,1
Ap9.2682,1
Ap9.497,1
Ap9.2174,1
Ap9.2176,1
Ap9.2634,1
Ap9.1561,1
Ap9.2457,1
Ap9.2455,1
Ap9.2454,1
Ap9.2450,1
Ap9.2458,1
Ap9.22,1
Ap9.20,1
Ap9.27,1
Ap9.28,1
Ap9.29,2
Ap9.1048,2
Ap9.1117,2
Ap9.1116,1
Ap9.1111,2
Ap9.1020,2
Ap9.198,1
Ap9.1700,1
Ap9.2729,1
Ap9.1404,1
Ap9.1115,1
Ap9.1119,1
Ap9.2344,1
Ap9.1199,1
Ap9.1197,1
Ap9.1196,1
Ap9.1192,1
Ap9.1190,2
Ap9.784,1
Ap9.782,1
Ap9.780,1
Ap9.2556,1
Ap9.1013,1
Ap9.1011,1
Ap9.1016,1
Ap9.1015,1
Ap9.2493,2
Ap9.2492,1
Ap9.2491,1
Ap9.541,1
Ap9.1603,1
Ap9.1606,1
Ap9.1605,1
Ap9.538,1
Ap9.1092,1
Ap9.1090,1
Ap9.1091,1
Ap9.2619,1
Ap9.2666,1
Ap9.2667,2
Ap9.1682,1
Ap9.1685,1
Ap9.2424,1
Ap9.2422,1
Ap9.74,1
Ap9.77,1
Ap9.71,1
Ap9.70,1
Ap9.197,1
Ap9.2324,1
Ap9.1165,1
Ap9.1162,2
Ap9.1161,1
Ap9.842,1
Ap9.2123,1
Ap9.167,1
Ap9.165,1
Ap9.162,1
Ap9.163,1
Ap9.161,1
Ap9.1355,1
Ap9.1351,1
Ap9.1353,1
Ap9.2501,1
Ap9.2502,1
Ap9.2506,1
Ap9.2509,1
Ap9.1047,1
Ap9.57,1
Ap9.55,1
Ap9.52,1
Ap9.693,1
Ap9.2255,1
Ap9.736,1
Ap9.2054,1
Ap9.2589,1
Ap9.2588,1
Ap9.2586,1
Ap9.289,1
Ap9.1873,1
Ap7.52,1
Ap7.963,1
Ap7.962,1
Ap7.960,1
Ap7.969,1
Ap7.968,1
Ap7.2348,1
Ap7.2340,1
Ap7.1554,1
Ap7.1712,1
Ap7.1710,1
Ap7.1719,1
Ap7.39,1
Ap7.117,1
Ap7.951,1
Ap7.661,1
Ap7.2008,1
Ap7.1050,1
Ap7.2822,1
Ap7.2431,2
Ap7.2437,1
Ap7.303,1
Ap7.302,1
Ap7.2579,1
Ap7.2883,1
Ap7.2882,1
Ap7.2881,2
Ap7.1216,1
Ap7.1013,1
Ap7.402,1
Ap7.403,1
Ap7.404,1
Ap7.405,2
Ap7.1988,1
Ap7.1987,1
Thr_2338_exon,1
Ap7.2392,1
Ap7.800,1
Ap7.2803,1
Ap7.2801,1
Ap7.2804,1
Ap7.1163,1
Ap7.1292,1
Ap7.846,1
Ap7.228,1
Ap7.226,2
Ap7.221,1
Ap7.222,1
Ap7.2637,1
Ap7.2102,1
Ap7.2108,1
Ap7.2753,1
Ap7.1317,1
Ap7.1314,1
Ap7.1336,1
Ap7.1091,1
Ap7.1668,1
Ap7.2824,1
Ap7.61,1
Ap7.60,1
Ap7.2251,2
Ap7.2256,1
Ap7.1503,1
Ap7.1507,1
Ap7.177,1
Ap7.539,1
Ap7.2293,1
Ap7.2513,1
Ap7.709,1
Ap7.703,1
Ap7.1130,1
Ap7.1395,1
Ap7.1399,1
Ap7.1974,1
Ap7.1973,1
Ap7.146,1
Ap7.240,1
Ap7.939,1
Ap7.931,1
Ap7.937,1
Ap7.2935,1
Ap7.2931,1
Ap7.2930,1
Ap7.2386,1
Ap7.1587,1
Ap7.1585,1
Ap7.1589,1
Ap7.2582,1
Ap7.2583,1
Ap7.2580,1
Ap7.2927,1
Ap7.1747,1
Ap7.1742.1.5f15e908,1
Ap7.2218,1
Ap7.2219,1
Ap7.2852,1
Ap7.2543,1
Ap7.1262,1
Ap7.1263,1
Ap7.1038,1
Ap7.2506,1
Ap7.2502,1
Ap7.783,1
Ap7.2072,1
Ap7.1464,1
Ap7.2027,1
Ap7.2026,1
Ap7.2029,1
Ap7.2028,1
Ap7.1057,1
Ap7.1056,1
Ap7.352,1
Ap7.353,1
Ap7.354,1
Ap7.355,1
Ap7.359,1
Ap7.2794,1
Ap7.2711,1
Ap7.2710,1
Ap7.2718,1
Ap7.2774,1
Ap7.2155,1
Ap7.2157,1
Ap7.2156,1
Ap7.73,1
Ap7.71,1
Ap7.2646,1
Ap7.1632,1
Ap7.133,1
Ap7.36,1
Ap7.2873,1
Ap7.2870,1
Ap7.2871,1
Ap7.2876,1
Ap7.259,1
Ap7.754,1
Ap7.752,1
Ap7.2368,1
Ap7.247,2
Ap7.244,1
Ap7.245,1
Ap7.1578,1
Ap7.1579,1
Ap7.1572,1
Ap7.1570,1
Ap7.1574,1
Ap7.543,1
Ap7.2390,1
Ap7.1778,1
Ap7.1777,1
Ap7.1770,1
Ap7.2847,2
Ap7.2843,1
Ap7.2840,1
Ap7.113,2
Ap7.110,1
Ap7.111,1
Ap7.116,1
Ap7.764,1
Ap7.1068,1
Ap7.1069,1
Ap7.234,2
Ap7.2087,1
Ap7.321,1
Ap7.320,1
Ap7.2247,2
Ap7.2246,1
Ap7.2240,1
Ap7.2248,1
Ap7.1238,1
Ap7.286,1
Ap7.287,1
Ap7.285,1
Ap7.1439,1
Ap7.1434,1
Ap7.2160,1
Ap7.2166,1
Ap7.2167,1
Ap7.2168,1
Ap7.2169,1
Ap7.24,1
Ap7.23,1
Ap7.22,2
Ap7.2409,1
Ap7.1601,1
Ap7.1604,1
Ap7.1606,1
Ap7.1608,1
Ap7.980,1
Ap7.167,1
Ap7.163,1
Ap7.599,1
Ap7.2828,1
Ap7.1720,1
Ap7.2453,1
Ap7.2454,1
Ap7.155,1
Ap7.954,1
Ap7.430,1
Ap7.2749,1
Ap7.1520,2
Ap7.1522,1
Ap7.1529,1
Ap7.511,1
Ap7.1723,1
Ap7.1727,1
Ap7.721,1
Ap7.722,1
Ap7.1914,1
Ap7.1912,1
Ap7.2874,2
Ap7.2875,1
Ap7.124,2
Ap7.2879,1
Ap7.2919,1
Ap7.2916,1
Ap7.2911,2
Ap7.2913,1
Ap7.2912,1
Ap7.1035,2
Ap7.2895,1
Ap7.1168,1
Ap7.1445,1
Ap7.1440,1
Ap7.990,1
Ap7.120,1
Ap7.6,1
Ap7.7,1
Ap7.5,1
Ap7.2524,1
Ap7.2810,1
Ap7.2811,1
Ap7.2817,1
Ap7.2818,1
Ap7.2819,1
Ap7.1288,1
Ap7.1289,1
Ap7.2485.1.5f15e93a,1
Ap7.2485,1
Ap7.2739,1
Ap7.2738,1
Ap7.2737,1
Ap7.2736,1
Ap7.238,1
Ap7.236,1
Ap7.235,1
Ap7.231,1
Ap7.230,1
Ap7.2130,1
Ap7.54,1
Ap7.1654,1
Ap7.1653,1
Ap7.250,1
Ap7.1093,1
Ap7.1519,1
Ap7.1512,1
Ap7.1516,1
Ap7.525,1
Ap7.2401,1
Ap7.2744,1
Ap7.2575,1
Ap7.2573,1
Ap7.2746,1
Ap7.775,1
Ap7.1031,1
Ap7.1949,1
Ap7.1948,1
Ap7.1947,1
Ap7.171,1
Ap7.2074,1
Ap7.923,1
Ap7.2925,1
Ap7.2926,1
Ap7.2921,1
Ap7.2922,2
Ap7.2928,1
Ap7.2929,1
Ap7.2432,1
Ap7.2862,1
Ap7.1590,1
Ap7.1591,1
Ap7.1592,1
Ap7.1593,1
Ap7.1594,1
Ap7.1596,1
Ap7.2221,1
Ap7.2220,1
Ap7.1481,1
Ap7.1487,1
Ap7.1252,1
Ap7.2866,1
Ap7.445,1
Ap7.443,1
Ap7.2436,1
Ap7.1499,1
Ap7.1498,1
Ap7.88,1
Ap7.631,1
Ap7.2863,1
Ap7.2555,1
Ap7.1042,1
Ap7.1043,1
Ap7.343,1
Ap7.94,1
Ap7.99,1
Ap7.1733,1
Ap7.2704,1
Ap7.2700,1
Ap7.2703,1
Ap7.2709,1
Ap7.2473,1
Ap7.2073,1
Ap7.948,1
Ap7.1359,1
Ap7.264,1
Ap7.265,1
Ap7.1204,1
Ap7.1355,1
Ap7.2362,1
Ap7.2360,1
Ap7.2366,1
Ap7.2849,1
Ap7.2848,1
Ap7.262,1
Ap7.266,1
Ap7.719,1
Ap7.2626,1
Ap7.2625,1
Ap7.2624,1
Ap7.2628,1
Ap7.970,1
Ap7.971,1
Ap7.2358,1
Ap7.2006,1
Ap7.2004,1
Ap7.1545,1
Ap7.1541,1
Ap7.1540,1
Ap7.1549,1
Ap7.572,1
Ap7.573,1
Ap7.576,1
Ap7.841,1
Ap7.848,1
Ap7.121,1
Ap7.1311,1
Ap7.127,1
Ap7.104,1
Ap7.100,2
Ap7.128,1
Ap7.203,1
Ap7.48,1
Ap7.665,1
Ap7.660,1
Ap7.45,1
Ap7.1015,1
Ap7.1017,1
Ap7.1016,1
Ap7.2099,1
Ap7.316,2
Ap7.317,1
Ap7.310,2
Ap7.311,1
Ap7.2253,1
Ap7.2747,1
Ap7.1194,1
Ap7.1197,1
Ap7.1193,1
Ap7.2461,2
Ap7.2467,1
Ap7.19,1
Ap7.2780,1
Ap7.2782,1
Ap7.434,1
Ap7.291,1
Ap7.294,1
Ap7.1005,1
Ap7.13,2
Ap7.32,1
Ap7.30,1
Ap7.2830,1
Ap7.2838,1
Ap7.2839,1
Ap7.1111,1
Ap7.211,1
Ap7.212,1
Ap7.215,1
Ap7.214,2
Ap7.2388,1
Ap7.2382,1
Ap7.2385,1
Ap7.2115,1
Ap7.2116,1
Ap7.2112,1
Ap7.1305,1
Ap7.1303,1
Ap7.2740,1
Ap7.2741,1
Ap7.2742,1
Ap7.1671,1
Ap7.2329,1
Ap7.1539,1
Ap7.2563,1
Ap7.49,1
Ap7.2172,1
Ap7.1738,1
Ap7.2286,1
Ap7.2699,1
Ap7.1383,1
Ap7.151,2
Ap7.905,1
Ap7.907,1
Ap7.1368,1
Ap7.115,1
Ap7.2909,1
Ap7.2902,1
Ap7.2906,1
Ap7.2907,1
Ap7.134,1
Ap7.138,1
Ap7.1024,1
Ap7.2590.1.5f15e943,1
Ap7.2595,1
Ap7.2597,1
Ap7.2596,1
Ap7.2599,1
Ap7.2598,1
Ap7.1131,1
Ap7.2201,1
Ap7.2297,1
Ap7.461,1
Ap7.242,1
Ap7.985,1
Ap7.984,1
Ap7.611,1
Ap7.619,1
Ap7.241,1
Ap7.366,1
Ap7.361,1
Ap7.360,1
Ap7.2745,1
Ap7.2490,1
Ap7.2120,1
Ap7.1338,1
Ap7.1095,2
Ap7.2759,1
Ap7.2758,1
Ap7.2650,1
Ap7.2752,1
Ap7.2751,1
Ap7.2750,1
Ap7.2019,1
Ap7.2757,1
Ap7.2869,1
Ap7.2868,1
Ap7.857,1
Ap7.717,1
Ap7.767,1
Ap7.766,1
Ap7.768,1
Ap7.1951,1
Ap7.1952,1
Ap7.2600,1
Ap7.956,1
Ap7.1563,1
Ap7.144,1
Ap7.1133,1
Ap7.107,1
Ap7.106,1
Ap7.2235,1
Ap7.194,1
Ap7.1041,1
Ap7.1489,1
Ap7.1486,1
Ap7.1485,1
Ap7.2769,1
Ap7.2766,1
Ap7.2767,2
Ap7.2566,1
Ap7.1075,1
Ap7.1071,1
Ap7.279,1
Ap7.188,1
Ap7.2773,1
Ap7.2173,1
Ap7.2171,1
Ap7.2170,1
Ap7.2176,1
Ap7.1309,1
Ap7.1582,1
Ap7.1362,1
Ap7.1618,1
Ap7.1511,1
Ap7.2698,2
Ap7.2482,1
Ap7.2645,1
Ap7.2644,1
Ap7.2165,1
Ap7.2858,1
Ap7.2768,1
Ap7.270,1
Ap6.773,1
Ap6.772,1
Ap6.191,1
Ap6.190,1
Ap6.53,1
Ap6.52,1
Ap6.59,1
Ap6.3124,1
Ap6.3120,1
Ap6.1786,1
Ap6.1787,1
Ap6.1782,1
Ap6.1434,1
Ap6.1437,1
Ap6.1431,1
Ap6.1432,1
Ap6.1237,1
Ap6.1230,1
Ap6.1573,1
Ap6.1574,1
Ap6.1577,1
Ap6.1576,1
Ap6.303,1
Ap6.307,1
Ap6.304,1
Ap6.309,1
Ap6.467.1.5f15dd0b.1.5f16885c,1
Ap6.2592,1
Ap6.2593,1
Ap6.2590,1
Ap6.2599,1
Ap6.2373,1
Ap6.3091,1
Ap6.3097,1
Ap6.1838,1
Ap6.113,1
Ap6.111,1
Ap6.2948,1
Ap6.2947,1
Ap6.2946,1
Ap6.2940,2
Ap6.2943,1
Ap6.1704,1
Ap6.1701,1
Ap6.639,1
Ap6.2754,1
Ap6.2757,1
Ap6.2753,1
Ap6.2404,1
Ap6.3011,2
Ap6.2493,1
Ap6.2492,1
Ap6.2495,1
Ap6.2494,1
Ap6.788,1
Ap6.789,1
Ap6.786,1
Ap6.785,1
Ap6.254,1
Ap6.256,1
Ap6.1121,1
Ap6.88,1
Ap6.3191,1
Ap6.3199,1
Ap6.3198,1
Ap6.1974,2
Ap6.1972,1
Ap6.3229,2
Ap6.909,1
Ap6.3027,1
Ap6.2864,1
Ap6.2862,1
Ap6.2289,1
Ap6.2280,1
Ap6.2281,1
Ap6.2286,1
Ap6.2287,1
Ap6.2284,1
Ap6.2285,1
Ap6.2139,1
Ap6.1317,1
Ap6.1316,1
Ap6.1688,1
Ap6.2413,1
Ap6.2993,1
Ap6.3117,1
Ap6.3110,2
Ap6.3112,1
Ap6.1400,1
Ap6.512,1
Ap6.1247,1
Ap6.351,1
Ap6.829,1
Ap6.828,1
Ap6.820,1
Ap6.826,1
Ap6.825,1
Ap6.824,1
Ap6.1807,1
Ap6.1806,1
Ap6.2917,1
Ap6.2919,1
Ap6.2525,1
Ap6.1776,1
Ap6.1770,1
Ap6.1778,1
Ap6.1484,1
Ap6.661,1
Ap6.599,1
Ap6.2893,1
Ap6.1526,1
Ap6.1525,1
Ap6.1529,1
Ap6.2567,1
Ap6.2566,1
Ap6.2561,1
Ap6.2569,1
Ap6.2568,1
Ap6.412,1
Ap6.413,2
Ap6.417,1
Ap6.414,1
Ap6.3024,1
Ap6.202,2
Ap6.2334,1
Ap6.2335,1
Ap6.2333,1
Ap6.2330,1
Ap6.1922,1
Ap6.1926,1
Ap6.1924,1
Ap6.3275,1
Ap6.2817,1
Ap6.2816,1
Ap6.2815,1
Ap6.2814,1
Ap6.2813,1
Ap6.2819,1
Ap6.2818,1
Ap6.1682,1
Ap6.578,1
Ap6.492,1
Ap6.490,1
Ap6.491,1
Ap6.496,1
Ap6.497,1
Ap6.498,1
Ap6.2603,1
Ap6.2600,1
Ap6.1391,1
Ap6.1392,1
Ap6.1395,1
Ap6.1397,1
Ap6.1398,1
Ap6.2448,1
Ap6.2444,1
Ap6.1151,1
Ap6.3143,1
Ap6.3146,1
Ap6.3147,2
Ap6.3145,1
Ap6.3148,1
Ap6.954,1
Ap6.2180,1
Ap6.2183,1
Ser_2735_exon,1
Ap6.1299,1
Ap6.1296,1
Ap6.2682,1
Ap6.2680,1
Ap6.1649,1
Ap6.2365,1
Ap6.2364,1
Ap6.750,1
Ap6.759,1
Ap6.72,1
Ap6.657,1
Ap6.2276,1
Ap6.2275,1
Ap6.2735,1
Ap6.1552,2
Ap6.852,1
Ap6.441,2
Ap6.442,1
Ap6.447,1
Ap6.446,1
Ap6.1854,1
Ap6.2965,1
Ap6.2349,1
Ap6.2347,1
Ap6.2346,2
Ap6.1188,1
Ap6.3248,1
Ap6.3241,1
Ap6.3247,1
Ap6.3246,1
Ap6.688,1
Ap6.2536,1
Ap6.2537,1
Ap6.2531,1
Ap6.2678,1
Ap6.2676,1
Ap6.2674,1
Ap6.2672,2
Ap6.2671,2
Ap6.3078,1
Ap6.3079,1
Ap6.3074,1
Ap6.3075,1
Ap6.1697,1
Ap6.2471,1
Ap6.2473,1
Ap6.2472,1
Ap6.2476,1
Ap6.2479,1
Ap6.274,1
Ap6.922,1
Ap6.923,1
Ap6.920,1
Ap6.921,1
Ap6.2847,1
Ap6.2842,1
Ap6.2843,1
Ap6.1611,1
Ap6.1612,1
Ap6.768,1
Ap6.769,1
Ap6.764,1
Ap6.766,1
Ap6.763,1
Ap6.188,1
Ap6.189,1
Ap6.186,1
Ap6.24,1
Ap6.3131,1
Ap6.3139,1
Ap6.1796,1
Ap6.1793,1
Ap6.1792,1
Ap6.687,1
Ap6.685,1
Ap6.684,1
Ap6.683,1
Ap6.2221,1
Ap6.535,2
Ap6.534,1
Ap6.531,1
Ap6.1228,1
Ap6.1224,1
Ap6.807,1
Ap6.918,1
Ap6.1452,1
Ap6.1450,1
Ap6.474,1
Ap6.475,1
Ap6.2585,1
Ap6.2584,1
Ap6.2587,1
Ap6.2583,1
Ap6.2582,1
Ap6.2589,1
Ap6.2054,1
Ap6.3088,1
Ap6.3085,1
Ap6.3084,1
Ap6.3083,1
Ap6.3082,1
Ap6.3080,1
Ap6.108,1
Ap6.109,1
Ap6.1717,1
Ap6.2748,1
Ap6.2740,2
Ap6.2747,1
Ap6.1504,1
Ap6.1505,1
Ap6.1501,1
Ap6.1503,1
Ap6.3033,1
Ap6.3005,1
Ap6.3004,1
Ap6.2314,1
Ap6.2315,1
Ap6.2317,1
Ap6.2313,1
Ap6.1136.1.5f15de73,1
Ap6.94,1
Ap6.93,1
Ap6.99,1
Ap6.3213,1
Ap6.2299,1
Ap6.2293,1
Ap6.2292,1
Ap6.2294,1
Ap6.2127,1
Ap6.1584,1
Ap6.1585,2
Ap6.1586,1
Ap6.1581,1
Ap6.1588,2
Ap6.2624,1
Ap6.2625,2
Ap6.2620,1
Ap6.1628,1
Ap6.2428,1
Ap6.2392,1
Ap6.2398,1
Ap6.19,1
Ap6.11,1
Ap6.10,1
Ap6.2981,1
Ap6.2980,1
Ap6.2983,1
Ap6.2982,1
Ap6.1984,1
Ap6.3164,1
Ap6.2213,1
Ap6.2217,1
Ap6.2219,1
Ap6.1273,1
Ap6.1276,2
Ap6.1277,2
Ap6.1274,1
Ap6.1275,1
Ap6.1056,1
Ap6.346,1
Ap6.344,1
Ap6.345,1
Ap6.341,1
Ap6.349,1
Ap6.830,1
Ap6.2002,1
Ap6.2003,1
Ap6.2004,1
Ap6.2901,2
Ap6.2905,1
Ap6.2906,1
Ap6.2908,1
Ap6.1742,1
Ap6.1740,1
Ap6.1747,1
Ap6.1745,1
Ap6.679,1
Ap6.2715,1
Ap6.2716,1
Ap6.2717,1
Ap6.2719,2
Ap6.1532,1
Ap6.1539,1
Ap6.2552,1
Ap6.2553,1
Ap6.2551,1
Ap6.2554,1
Ap6.2558,1
Ap6.427,1
Ap6.426,1
Ap6.423,1
Ap6.421,1
Ap6.2135,1
Ap6.148,1
Ap6.159,1
Ap6.158,1
Ap6.157,1
Ap6.150,1
Ap6.3268,1
Ap6.3267,1
Ap6.3266,1
Ap6.2826,1
Ap6.2825,1
Ap6.2828,1
Ap6.2829,1
Ap6.2790,1
Ap6.2791,1
Ap6.2794,1
Ap6.2795,1
Ap6.2797,2
Ap6.2355,2
Ap6.2619,1
Ap6.3054,1
Ap6.3051,1
Ap6.3053,1
Ap6.2457,1
Ap6.2456,1
Ap6.2455,1
Ap6.3157,1
Ap6.3159,1
Ap6.1449,1
Ap6.1448,1
Ap6.945,1
Ap6.943,1
Ap6.949,1
Ap6.559,1
Ap6.557,1
Ap6.556,1
Ap6.2178,1
Ap6.2174,1
Ap6.2177,1
Ap6.2172,1
Ap6.1288,1
Ap6.1280,2
Ap6.1285,1
Ap6.1284,1
Ap6.390,1
Ap6.1447,1
Ap6.2698,1
Ap6.2691,1
Ap6.2039,1
Ap6.2033,1
Ap6.1675,1
Ap6.1673,1
Ap6.747,1
Ap6.749,1
Ap6.49,1
Ap6.2241,1
Ap6.2729,1
Ap6.2720,1
Ap6.2725,1
Ap6.2727,1
Ap6.2726,1
Ap6.1569,1
Ap6.316,1
Ap6.869,1
Ap6.457,1
Ap6.453,1
Ap6.1847,1
Ap6.126,1
Ap6.125,1
Ap6.123,1
Ap6.120,1
Ap6.128,1
Ap6.129,1
Ap6.2956,1
Ap6.2957,1
Ap6.2953,1
Ap6.2378,2
Ap6.2377,1
Ap6.1731,1
Ap6.1737,1
Ap6.1736,1
Ap6.621,1
Ap6.3155,1
Ap6.2523,1
Ap6.3069,1
Ap6.3061,1
Ap6.3063,1
Ap6.1686,1
Ap6.2484,2
Ap6.2483,1
Ap6.792,1
Ap6.794,1
Ap6.246,1
Ap6.245,1
Ap6.241,1
Ap6.240,1
Ap6.1112,1
Ap6.3182,1
Ap6.1960,1
Ap6.3234,2
Ap6.3232,2
Ap6.3233,1
Ap6.919,1
Ap6.2857,1
Ap6.2147,1
Ap6.2140,1
Ap6.2142,1
Ap6.2148,1
Ap6.1601,1
Ap6.713,1
Ap6.712,1
Ap6.715,1
Ap6.716,1
Ap6.2408,1
Ap6.2409,1
Ap6.31,1
Ap6.34,1
Ap6.36,1
Ap6.3108,1
Ap6.3109,1
Ap6.3106,1
Ap6.3104,1
Ap6.3105,1
Ap6.3103,1
Ap6.1417,1
Ap6.1411,1
Ap6.694,1
Ap6.695,1
Ap6.696,1
Ap6.690,1
Ap6.693,1
Ap6.699,1
Ap6.520,1
Ap6.526,1
Ap6.527,1
Ap6.525,1
Ap6.967,2
Ap6.1259,1
Ap6.321,1
Ap6.816,1
Ap6.812,1
Ap6.810,1
Ap6.811,1
Ap6.2128,1
Ap6.1813,1
Ap6.1814,2
Ap6.1815,1
Ap6.2925,1
Ap6.2924,1
Ap6.2923,1
Ap6.972,1
Ap6.1768,1
Ap6.1764,1
Ap6.1765,1
Ap6.1498,1
Ap6.1499,1
Ap6.619,1
Ap6.2880,1
Ap6.7,1
Ap6.4,1
Ap6.896,2
Ap6.899,1
Ap6.2570,1
Ap6.404,1
Ap6.403,2
Ap6.3038,1
Ap6.1890,1
Ap6.1891,1
Ap6.1899,1
Ap6.1308,1
Ap6.1303,1
Ap6.1301,1
Ap6.1306,2
Ap6.1307,1
Ap6.2300,1
Ap6.2305,1
Ap6.2304,1
Ap6.234,1
Ap6.1919,1
Ap6.3208,1
Ap6.2113,1
Ap6.1596,1
Ap6.1595,1
Ap6.1598,1
Ap6.487,1
Ap6.482,1
Ap6.488,1
Ap6.2632,1
Ap6.2631,2
Ap6.1383,1
Ap6.1387,1
Ap6.2435,1
Ap6.2430,1
Ap6.2383,1
Ap6.2382,1
Ap6.2387,1
Ap6.2388,1
Ap6.1143,1
Ap6.3175,1
Ap6.3171,1
Ap6.1997,1
Ap6.1994,1
Ap6.1993,1
Ap6.1992,1
Ap6.1999,1
Ap6.1469,1
Ap6.1461,1
Ap6.1460,1
Ap6.968,1
Ap6.3035,1
Ap6.577,1
Ap6.2199,1
Ap6.1261,1
Ap6.1263,1
Ap6.1267,2
Ap6.1269,1
Ap6.378,1
Ap6.1302,1
Ap6.2012,1
Ap6.1656,1
Ap6.1657,1
Ap6.1652,1
Ap6.1653.1.5f15dfab,1
Ap6.68,1
Ap6.69,1
Ap6.62,1
Ap6.64,1
Ap6.2424,1
Ap6.2423,1
Ap6.2261,1
Ap6.843,1
Ap6.2547,1
Ap6.2549,1
Ap6.438,1
Ap6.439,1
Ap6.2098,1
Ap6.1038,1
Ap6.144,1
Ap6.145,1
Ap6.146,2
Ap6.147,1
Ap6.141,1
Ap6.2976,2
Ap6.2835,1
Ap6.2836,1
Ap6.2838,1
Ap6.2785,1
Ap6.2784,1
Ap6.2661,1
Ap6.2667,1
Ap6.3042,1
Ap6.3041,1
Ap6.3047,1
Ap6.3046,1
Ap6.1373,1
Ap6.1370,1
Ap6.1377,1
Ap6.1376,1
Ap6.262,1
Ap6.930,1
Ap6.938,1
Ap6.542,1
Ap6.544,1
Ap6.2164,1
Ap6.1665,1
Ap6.1664,1
Ap6.1663,1
Ap6.1089,1
Ap6.1083,1
Ap13.3107,1
Ap13.3106,1
Ap13.1335,1
Ap13.1330,1
Ap13.1333,1
Ap13.4,1
Ap13.1225,1
Ap13.1222,1
Ap13.1077,1
Ap13.1074,1
Ap13.644,1
Ap13.2894,1
Ap13.2897,1
Ap13.2893,1
Ap13.2899,1
Ap13.1270,1
Ap13.1276,1
Ap13.1278,1
Ap13.2469,1
Ap13.2461,1
Ap13.2462,1
Ap13.2283,1
Ap13.2284,1
Ap13.2286,1
Ap13.3180,1
Ap13.2634,2
Ap13.2633,1
Ap13.2038,1
Ap13.2039,1
Ap13.2037,1
Ap13.2033,1
Ap13.3027,1
Ap13.3021,1
Ap13.3029,1
Ap13.2773,1
Ap13.45,1
Ap13.42,1
Ap13.126,1
Ap13.123,1
Ap13.451,1
Ap13.2502,1
Ap13.2501,1
Ap13.710,1
Ap13.1386,1
Ap13.823,1
Ap13.829,1
Ap13.2124,1
Ap13.2125,1
Ap13.2126,1
Ap13.989,1
Ap13.985,1
Ap13.987,2
Ap13.981,1
Ap13.779,1
Ap13.2329,1
Ap13.790,1
Ap13.795,1
Ap13.796,1
Ap13.799,2
Ap13.1169,1
Ap13.3150,1
Ap13.3157,1
Ap13.3154,1
Ap13.556,1
Ap13.1307,1
Ap13.1306,1
Ap13.1302,1
Ap13.698,1
Ap13.697,1
Ap13.692,1
Ap13.1514,1
Ap13.1516,1
Ap13.1517,1
Ap13.1510,1
Ap13.1714,1
Ap13.247,1
Ap13.1499,1
Ap13.1495,1
Ap13.1496,1
Ap13.3053,1
Ap13.3051,1
Ap13.3050,1
Ap13.91,1
Ap13.92,1
Ap13.94,1
Ap13.95,1
Ap13.1227.1.5f15dead,1
Ap13.1227,1
Ap13.1590,1
Ap13.157,1
Ap13.1963,1
Ap13.429,1
Ap13.2941,1
Ap13.1410,1
Ap13.1417,1
Ap13.2571,1
Ap13.1882,1
Ap13.1880,1
Ap13.1881,1
Ap13.1888,1
Ap13.1889,1
Ap13.585,1
Ap13.2726,1
Ap13.2722,1
Ap13.2723,1
Ap13.2728,1
Ap13.10,1
Ap13.870,1
Ap13.2912,1
Ap13.2916,1
Ap13.2258,1
Ap13.2877,1
Ap13.2874,1
Ap13.1075,1
Ap13.293,1
Ap13.294,1
Ap13.297,1
Ap13.745,1
Ap13.744,1
Ap13.743,1
Ap13.1808,1
Ap13.1800,1
Ap13.501,1
Ap13.507,1
Ap13.1352,1
Ap13.1350,1
Ap13.1354,1
Ap13.1687,1
Ap13.1524,1
Ap13.1521,1
Ap13.1522,1
Ap13.2190,1
Ap13.2193,1
Ap13.939,1
Ap13.936,1
Ap13.219,1
Ap13.218,1
Ap13.214,1
Ap13.216,1
Ap13.169,2
Ap13.169.1.5f15dc43,2
Ap13.165,1
Ap13.1190,1
Ap13.1193,1
Ap13.1194,1
Ap13.3128,1
Ap13.3123,1
Ap13.3125,1
Ap13.395,1
Ap13.1017,2
Ap13.1019,1
Ap13.1018,1
Ap13.623,1
Ap13.1258,1
Ap13.1391,1
Ap13.2441,1
Ap13.2445,1
Ap13.2444,1
Ap13.2448,1
Ap13.2935,1
Ap13.2931,1
Ap13.2930,1
Ap13.2939,1
Ap13.2938,1
Ap13.318,1
Ap13.314,1
Ap13.315,1
Ap13.316,1
Ap13.2016,1
Ap13.1096,1
Ap13.1093,1
Ap13.3009,2
Ap13.3000,1
Ap13.2759,1
Ap13.69,1
Ap13.60,1
Ap13.845,1
Ap13.109,1
Ap13.2226,1
Ap13.2225,1
Ap13.2221,1
Ap13.475,1
Ap13.470,1
Ap13.473,1
Ap13.1442,1
Ap13.2528,1
Ap13.2383,1
Ap13.2387,1
Ap13.2389,1
Ap13.1877,1
Ap13.1876,2
Ap13.1124,1
Ap13.3084,1
Ap13.180,1
Ap13.182,1
Ap13.2800,1
Ap13.701,1
Ap13.2493,1
Ap13.2494,1
Ap13.2147,1
Ap13.2148,1
Ap13.961,1
Ap13.964,1
Ap13.224,1
Ap13.226,1
Ap13.3175,1
Ap13.3176,1
Ap13.3177,1
Ap13.3179,2
Ap13.1327.1.5f15dee5,1
Ap13.1325,1
Ap13.1324,1
Ap13.1043,1
Ap13.1046,1
Ap13.1044,1
Ap13.1289,1
Ap13.1742,1
Ap13.2591,1
Ap13.341,2
Ap13.3075,1
Ap13.3077,1
Ap13.893,1
Ap13.1204,1
Ap13.1206,1
Ap13.1200,1
Ap13.1203,1
Ap13.135,1
Ap13.638,1
Ap13.446,1
Ap13.440,1
Ap13.1437,1
Ap13.1435,1
Ap13.1439,1
Ap13.1850,1
Ap13.2704,1
Ap13.2706,1
Ap13.32,1
Ap13.37,1
Ap13.810,1
Ap13.2276,1
Ap13.2277,1
Ap13.2270,1
Ap13.2852,1
Ap13.2853,1
Ap13.2854,1
Ap13.2855,1
Ap13.999,1
Ap13.990,1
Ap13.2330,1
Ap13.2333,1
Ap13.2335,1
Ap13.2337,1
Ap13.2336,1
Ap13.1824,1
Ap13.769,1
Ap13.3140,1
Ap13.3143,1
Ap13.3142,1
Ap13.3144,1
Ap13.3147,1
Ap13.1503,1
Ap13.1502,1
Ap13.1500,1
Ap13.2421,1
Ap13.1990,1
Ap13.1999,1
Ap13.279,1
Ap13.278,1
Ap13.277,1
Ap13.276,1
Ap13.275,1
Ap13.272,1
Ap13.498,1
Ap13.1719,1
Ap13.1716,1
Ap13.1717,1
Ap13.1715,1
Ap13.2070,1
Ap13.3069,1
Ap13.3060,1
Ap13.3065,1
Ap13.87,1
Ap13.601,1
Ap13.605,1
Ap13.1235,1
Ap13.1237,1
Ap13.1232,1
Ap13.1582,1
Ap13.1586,1
Ap13.1585,1
Ap13.1584,1
Ap13.167,1
Ap13.821,1
Ap13.416,1
Ap13.1895,1
Ap13.1898,1
Ap13.1107,1
Ap13.336,1
Ap13.337,1
Ap13.339,1
Ap13.2730,1
Ap13.2732,1
Ap13.2243,1
Ap13.2863,1
Ap13.2866,1
Ap13.289,1
Ap13.282,1
Ap13.283,1
Ap13.280,1
Ap13.1811,1
Ap13.1810,1
Ap13.1101,1
Ap13.514,1
Ap13.515,1
Ap13.513,1
Ap13.1342,1
Ap13.1698,1
Ap13.1699,1
Ap13.2162,1
Ap13.2163,1
Ap13.949,1
Ap13.941,1
Ap13.205,1
Ap13.200,1
Ap13.2363,1
Ap13.2361,1
Ap13.1182,1
Ap13.1180,1
Ap13.2988,1
Ap13.2989,1
Ap13.2982,1
Ap13.3117,1
Ap13.3110,1
Ap13.3111,1
Ap13.655,1
Ap13.656,1
Ap13.2473,1
Ap13.2471,1
Ap13.2902,1
Ap13.2900,1
Ap13.2908,1
Ap13.1761,1
Ap13.360,1
Ap13.365,1
Ap13.2003,1
Ap13.2002,1
Ap13.2001,1
Ap13.2000,1
Ap13.2004,1
Ap13.3019,1
Ap13.3018,1
Ap13.3010,1
Ap13.2767,1
Ap13.112,2
Ap13.110,1
Ap13.114,1
Ap13.115,1
Ap13.462,1
Ap13.469,1
Ap13.2392,1
Ap13.709,1
Ap13.3093,1
Ap13.3092,1
Ap13.3097,1
Ap13.3098,1
Ap13.831,1
Ap13.830,1
Ap13.199,1
Ap13.2489,1
Ap13.2482,1
Ap13.2481,1
Ap13.2158,1
Ap13.972,1
Ap13.782,1
Ap13.1153,2
Ap13.3164,1
Ap13.3163,1
Ap13.3161,1
Ap13.543,1
Ap13.1315,1
Ap13.660,1
Ap13.663,1
Ap13.664,1
Ap13.665,1
Ap13.666,1
Ap13.669,1
Ap13.1291,1
Ap13.1290,1
Ap13.2407,1
Ap13.2403,1
Ap13.256,1
Ap13.813,2
Ap13.258,1
Ap13.355,1
Ap13.2058,1
Ap13.3040,2
Ap13.3041,1
Ap13.3044,1
Ap13.3045,1
Ap13.3047,1
Ap13.3048,1
Ap13.884,1
Ap13.887,1
Ap13.888,1
Ap13.1213,1
Ap13.1212,1
Ap13.1211,1
Ap13.1210,1
Ap13.1217,1
Ap13.1216,2
Ap13.1218,1
Ap13.141,1
Ap13.144,1
Ap13.146,1
Ap13.1979,1
Ap13.1977,1
Ap13.2858,1
Ap13.439,1
Ap13.430,1
Ap13.432,1
Ap13.435,1
Ap13.2972,1
Ap13.1402,1
Ap13.1403,1
Ap13.1401,1
Ap13.1409,1
Ap13.2568,1
Ap13.2566,1
Ap13.1675,1
Ap13.2718,1
Ap13.2717,1
Ap13.353,1
Ap13.2266,1
Ap13.2265,1
Ap13.2846,1
Ap13.2843,1
Ap13.2841,1
Ap13.777,1
Ap13.1167,1
Ap13.1161,1
Ap13.1160,1
Ap13.1162,1
Ap13.1168,1
Ap13.1362,1
Ap13.1361,1
Ap13.2979,1
Ap13.2970,1
Ap13.1980,1
Ap13.2183,1
Ap13.2184,1
Ap13.2185,1
Ap13.2978,1
Ap13.2334,1
Ap13.923,1
Ap13.1171,1
Ap13.1701,1
Ap13.1702,1
Ap13.3139,1
Ap13.3135,1
Ap13.3136,1
Ap13.2667,1
Ap13.387,1
Ap13.386,1
Ap13.384,1
Ap13.381,1
Ap13.389,1
Ap13.388,1
Ap13.2065,1
Ap13.2064,1
Ap13.1004,1
Ap13.3079,1
Ap13.3078,1
Ap13.1248,1
Ap13.2457,2
Ap13.2451,1
Ap13.2459,1
Ap13.178,1
Ap13.176,1
Ap13.1908,1
Ap13.400,1
Ap13.401,1
Ap13.402,1
Ap13.408,1
Ap13.2920,1
Ap13.2921,2
Ap13.2923,1
Ap13.304,1
Ap13.1084,1
Ap13.76,1
Ap13.75,1
Ap13.72,1
Ap13.70,1
Ap13.71,1
Ap13.79,1
Ap13.2239,1
Ap13.2232,1
Ap13.1131,1
Ap13.1135,1
Ap13.523,1
Ap13.522,1
Ap13.2818,1
Ap13.2816,1
Ap13.2179,1
Ap13.2173,1
Ap13.2176,1
Ap13.956,1
Ap13.953,1
Ap13.959,1
Ap13.232,1
Ap13.236,1
Ap13.239,1
Ap13.2375,1
Ap13.2999,1
Ap13.2998,1
Ap2.2257,1
Ap2.2256,1
Ap2.2255,1
Ap2.2258,1
Ap2.1194,1
Ap2.1191,1
Ap2.1193,1
Ap2.1199,1
Ap2.1198,1
Ap2.4013,1
Ap2.4011,1
Ap2.4017,2
Ap2.1221,1
Ap2.2759,1
Ap2.2757,1
Ap2.2755,1
Ap2.831,1
Ap2.1427,1
Ap2.2195,1
Ap2.2196,1
Ap2.2197,1
Ap2.2190,1
Ap2.2192,1
Ap2.3126,1
Ap2.3127,1
Ap2.3124,1
Ap2.3125,1
Ap2.3630,2
Ap2.3631,1
Ap2.3636,1
Ap2.3639,1
Ap2.2834,1
Ap2.2830,1
Ap2.3877,1
Ap2.4097,1
Ap2.4099,1
Ap2.4098,1
Ap2.1807,1
Ap2.1805,1
Ap2.3404,1
Ap2.3403,1
Ap2.503,1
Ap2.2116,1
Ap2.2113,1
Ap2.280,1
Ap2.282,1
Ap2.3939,1
Ap2.3930,1
Ap2.3935,1
Ap2.3716,1
Ap2.2321,1
Ap2.2320,1
Ap2.1056,1
Ap2.1050,1
Ap2.1539,1
Ap2.1538,1
Ap2.1533,1
Ap2.909,1
Ap2.903,1
Ap2.901,1
Ap2.907,1
Ap2.904,1
Ap2.905,1
Ap2.2424,1
Ap2.2425,1
Ap2.2420,1
Ap2.2421,1
Ap2.2422,1
Ap2.1888,1
Ap2.2287,1
Ap2.2288,1
Ap2.86,1
Ap2.1594,1
Ap2.1597,1
Ap2.205,1
Ap2.3995,1
Ap2.1965,1
Ap2.1967,1
Ap2.3527,1
Ap2.3525,1
Ap2.469,1
Ap2.468,1
Ap2.465,1
Ap2.464,1
Ap2.791,1
Ap2.790,1
Ap2.2902,1
Ap2.2901,1
Ap2.2907,1
Ap2.415,1
Ap2.3920,1
Ap2.1027,1
Ap2.2046,1
Ap2.2047,1
Ap2.2044,1
Ap2.2042,2
Ap2.2043,1
Ap2.2049,1
Ap2.3319,1
Ap2.3313,1
Ap2.3312,1
Ap2.983,1
Ap2.986,1
Ap2.985,1
Ap2.618,1
Ap2.611,1
Ap2.2205,1
Ap2.2206,1
Ap2.4041,2
Ap2.4043,1
Ap2.4044,1
Ap2.4045,1
Ap2.4046,1
Ap2.1279,1
Ap2.1473,1
Ap2.2510,1
Ap2.3395,1
Ap2.3394,1
Ap2.3397,1
Ap2.3398,1
Ap2.694,1
Ap2.698,1
Ap2.699,1
Ap2.3152,1
Ap2.3151,1
Ap2.3155,1
Ap2.3154,1
Ap2.3159,1
Ap2.3842,1
Ap2.1141,1
Ap2.1146,1
Ap2.1144,1
Ap2.1148,1
Ap2.2495,1
Ap2.2491,1
Ap2.2490,1
Ap2.2728,1
Ap2.2722,1
Ap2.2721,1
Ap2.3458,1
Ap2.3459,1
Ap2.3454,1
Ap2.3292,1
Ap2.3075,1
Ap2.3308,1
Ap2.764,1
Ap2.1649,1
Ap2.1648,1
Ap2.3640,1
Ap2.873,1
Ap2.370,2
Ap2.372,1
Ap2.957,1
Ap2.2419,1
Ap2.1854,1
Ap2.1855,1
Ap2.1857,1
Ap2.3217,1
Ap2.3211,1
Ap2.235,1
Ap2.1951,1
Ap2.1952,1
Ap2.1955,1
Ap2.1956,1
Ap2.2608,1
Ap2.2609,2
Ap2.2602,1
Ap2.1962,1
Ap2.3558,1
Ap2.3553,1
Ap2.3552,1
Ap2.3551,1
Ap2.454,1
Ap2.458,1
Ap2.2379,1
Ap2.3027.1.5f15e2d4,1
Ap2.3026,1
Ap2.3029,1
Ap2.2957,1
Ap2.2958,1
Ap2.4139,1
Ap2.4134,1
Ap2.4137,1
Ap2.4131,1
Ap2.1566,1
Ap2.1561,1
Ap2.2039,1
Ap2.2037,1
Ap2.2036,1
Ap2.2031,1
Ap2.647,1
Ap2.2235,1
Ap2.3724.1.5f15e493,1
Ap2.3724,1
Ap2.3726,1
Ap2.3720,1
Ap2.3722,1
Ap2.3723,1
Ap2.3729,1
Ap2.2601,1
Ap2.3181,1
Ap2.3182,1
Ap2.3183,1
Ap2.3184,1
Ap2.1241,1
Ap2.1240,1
Ap2.1242,1
Ap2.1488,1
Ap2.1481,2
Ap2.1480,1
Ap2.2681,1
Ap2.3135,1
Ap2.3134,1
Ap2.1079,1
Ap2.1699,1
Ap2.3691,1
Ap2.3692,1
Ap2.3693,1
Ap2.3695,1
Ap2.3342,1
Ap2.3343,1
Ap2.3340,1
Ap2.3348,1
Ap2.3109,1
Ap2.3104,1
Ap2.3105,1
Ap2.3812,1
Ap2.3811,2
Ap2.3816,1
Ap2.3817,1
Ap2.3815,1
Ap2.2778,1
Ap2.850,1
Ap2.1072,1
Ap2.1401,1
Ap2.3025,1
Ap2.3024,1
Ap2.3023,1
Ap2.3022,1
Ap2.3021,1
Ap2.1612,1
Ap2.1610,1
Ap2.1618,1
Ap2.3619,1
Ap2.3610,1
Ap2.3613,1
Ap2.3616,1
Ap2.2530,1
Ap2.344,1
Ap2.342,1
Ap2.2850,1
Ap2.2853,1
Ap2.3894,1
Ap2.3895,1
Ap2.1137,1
Ap2.1136,1
Ap2.1798,1
Ap2.1797,1
Ap2.1794,1
Ap2.1791,1
Ap2.2442,1
Ap2.3791,1
Ap2.3792,1
Ap2.3799,1
Ap2.3429,1
Ap2.3428,1
Ap2.3426,1
Ap2.3229,1
Ap2.3227,1
Ap2.3915,1
Ap2.3910,1
Ap2.484,1
Ap2.482,1
Ap2.489,1
Ap2.739,1
Ap2.2603,1
Ap2.1084,1
Ap2.1080,1
Ap2.1556,1
Ap2.1710,1
Ap2.678,1
Ap2.674,1
Ap2.263,1
Ap2.3994,1
Ap2.1906,1
Ap2.1905,1
Ap2.1902,1
Ap2.1903,1
Ap2.3117,1
Ap2.408,1
Ap2.406,1
Ap2.405,1
Ap2.401,1
Ap2.183,1
Ap2.184,1
Ap2.185,2
Ap2.3077,1
Ap2.3078,1
Ap2.1000,1
Ap2.2064,1
Ap2.2060,1
Ap2.2061,1
Ap2.3339,1
Ap2.3338,1
Ap2.2263,1
Ap2.3130,1
Ap2.3138,1
Ap2.396,1
Ap2.395,1
Ap2.2888,1
Ap2.2884,1
Ap2.4024,1
Ap2.4020,1
Ap2.1214,1
Ap2.1215,1
Ap2.1218,1
Ap2.2745,1
Ap2.1458,1
Ap2.1453,1
Ap2.1457,1
Ap2.2183,1
Ap2.2182,1
Ap2.2184,1
Ap2.1986,1
Ap2.1987,1
Ap2.1982,2
Ap2.1983,1
Ap2.3584,1
Ap2.3583,1
Ap2.3069,1
Ap2.3068,1
Ap2.100,1
Ap2.2578,1
Ap2.2570,1
Ap2.3621,1
Ap2.3624,1
Ap2.3627,1
Ap2.2579,1
Ap2.1035,1
Ap2.2800,1
Ap2.2807,1
Ap2.2805,1
Ap2.2808,1
Ap2.315,1
Ap2.3862,1
Ap2.3861,1
Ap2.1165,1
Ap2.1166,1
Ap2.1167,1
Ap2.1295,1
Ap2.1838,1
Ap2.2107,1
Ap2.2108,1
Ap2.3270,1
Ap2.1319,1
Ap2.1315,1
Ap2.2665,1
Ap2.701,1
Ap2.702,1
Ap2.703,1
Ap2.1663,1
Ap2.1662,1
Ap2.1668,1
Ap2.2313,1
Ap2.2314,1
Ap2.2319,1
Ap2.1508,1
Ap2.930,1
Ap2.2433,1
Ap2.2432,1
Ap2.2431,1
Ap2.2430,1
Ap2.2294,1
Ap2.2290,1
Ap2.3742,1
Ap2.3747,1
Ap2.3749,1
Ap2.2610,2
Ap2.94,1
Ap2.216,1
Ap2.214,1
Ap2.3949,1
Ap2.3942,1
Ap2.1392,1
Ap2.1390,1
Ap2.1396,1
Ap2.1971,1
Ap2.3535,1
Ap2.3531,1
Ap2.3530,1
Ap2.3533,1
Ap2.3532,1
Ap2.473,1
Ap2.786,1
Ap2.2930,1
Ap2.3020,1
Ap2.2589,1
Ap2.1588,1
Ap2.2054,1
Ap2.2057,1
Ap2.2056,1
Ap2.2053,1
Ap2.621,1
Ap2.2213,1
Ap2.2212,1
Ap2.2218,1
Ap2.10,1
Ap2.12,1
Ap2.4059,1
Ap2.4058,1
Ap2.4057,1
Ap2.4056,1
Ap2.4053,1
Ap2.4052,1
Ap2.4050,1
Ap2.1262,1
Ap2.1460,1
Ap2.1462,1
Ap2.1465,1
Ap2.1464,1
Ap2.1467,1
Ap2.1469,1
Ap2.3010,2
Ap2.150,1
Ap2.153,1
Ap2.1059,1
Ap2.2507,1
Ap2.2506,1
Ap2.2502,1
Ap2.2501,2
Ap2.2508,1
Ap2.3160,1
Ap2.3161,1
Ap2.3830,1
Ap2.3832,1
Ap2.3833,1
Ap2.1153,1
Ap2.1154,1
Ap2.2719,1
Ap2.2158,1
Ap2.2159,1
Ap2.2154,2
Ap2.3282,1
Ap2.3281,1
Ap2.3287,1
Ap2.752,1
Ap2.751,1
Ap2.750,1
Ap2.1639,1
Ap2.1631,1
Ap2.3677,1
Ap2.3672,1
Ap2.3092,1
Ap2.3093,1
Ap2.3090,1
Ap2.3091,1
Ap2.366,1
Ap2.2460,1
Ap2.2461,1
Ap2.2462,2
Ap2.1846,1
Ap2.1844,1
Ap2.2795,1
Ap2.2790,1
Ap2.2439,1
Ap2.3207,1
Ap2.2619,1
Ap2.3560,1
Ap2.3566,1
Ap2.3567,1
Ap2.3011,1
Ap2.3019,1
Ap2.2949,1
Ap2.2947,1
Ap2.2944,1
Ap2.2942,1
Ap2.4122,1
Ap2.4126,1
Ap2.4124,1
Ap2.1573,1
Ap2.1572,1
Ap2.1571,1
Ap2.1570,1
Ap2.1575,1
Ap2.1574,1
Ap2.2000,1
Ap2.2006,1
Ap2.2007,1
Ap2.2005,1
Ap2.658,1
Ap2.1778,1
Ap2.1775,1
Ap2.1776,1
Ap2.3737,1
Ap2.3738,1
Ap2.3199,1
Ap2.3196,1
Ap2.3192,1
Ap2.2777,1
Ap2.243,1
Ap2.1928,1
Ap2.1929,1
Ap2.1925,1
Ap2.1922,1
Ap2.2692,1
Ap2.425,1
Ap2.426,1
Ap2.3688,2
Ap2.3687.1.5f15e47a,1
Ap2.3687,1
Ap2.3686,1
Ap2.3685,1
Ap2.2088.1.5f168f65,1
Ap2.3351,1
Ap2.2240,1
Ap2.3114,1
Ap2.2591,1
Ap2.2592,1
Ap2.2593,1
Ap2.3809,1
Ap2.3804,1
Ap2.4008,1
Ap2.4009,1
Ap2.1238,1
Ap2.1239,1
Ap2.1235,1
Ap2.1237,1
Ap2.2764,1
Ap2.2762,1
Ap2.2761,1
Ap2.2760,1
Ap2.1502,1
Ap2.1507,1
Ap2.1438,1
Ap2.1436,1
Ap2.1432,1
Ap2.2161,1
Ap2.2160,1
Ap2.2165,1
Ap2.1601,1
Ap2.2555,1
Ap2.2556,2
Ap2.2551,1
Ap2.3607,1
Ap2.3602,1
Ap2.3600,1
Ap2.3609,1
Ap2.3608,1
Ap2.339,1
Ap2.338,1
Ap2.336,1
Ap2.2829,1
Ap2.2826,1
Ap2.3880,1
Ap2.3883,1
Ap2.3882,1
Ap2.3884,1
Ap2.1109,1
Ap2.2455,2
Ap2.2458,1
Ap2.1810,1
Ap2.1812,1
Ap2.1814,1
Ap2.1815,1
Ap2.3410,1
Ap2.3411,1
Ap2.3250,1
Ap2.3252,1
Ap2.3256,1
Ap2.3921,1
Ap2.2645,1
Ap2.491,1
Ap2.499,2
Ap2.728,1
Ap2.915,1
Ap2.914,2
Ap2.910,1
Ap2.1891,1
Ap2.1895,1
Ap2.1897,1
Ap2.3765,1
Ap2.1273,1
Ap2.278,1
Ap2.276,1
Ap2.1914,1
Ap2.1911,1
Ap2.1913,1
Ap2.1919,1
Ap2.2918,1
Ap2.2914,1
Ap2.2915,1
Ap2.2916,1
Ap2.2910,1
Ap2.2911,1
Ap2.2913,1
Ap2.1036,1
Ap2.8,1
Ap2.6,1
Ap2.1,1
Ap2.2,1
Ap2.3302,1
Ap2.3300,1
Ap2.3301,1
Ap2.991,1
Ap2.998,1
Ap2.2891,1
Ap2.79,1
Ap2.4035,1
Ap2.1209,1
Ap2.1208,1
Ap2.1447,1
Ap2.1446,2
Ap2.1442,1
Ap2.1998,1
Ap2.1995,1
Ap2.1994,1
Ap2.1997,1
Ap2.1996,1
Ap2.1991,1
Ap2.1992,1
Ap2.3597,1
Ap2.139,1
Ap2.136,1
Ap2.134,1
Ap2.1931,1
Ap2.2569,1
Ap2.2380,1
Ap2.683,1
Ap2.2813,1
Ap2.3145,1
Ap2.3146,1
Ap2.3147,1
Ap2.3141,1
Ap2.3143,1
Ap2.3148,1
Ap2.3149,1
Ap2.308,1
Ap2.2481,1
Ap2.2489,1
Ap2.1821,1
Ap2.1822,1
Ap2.1827,1
Ap2.1826,1
Ap2.2734,1
Ap2.2736,1
Ap2.2732,1
Ap2.3467,1
Ap2.3464,1
Ap2.3462,1
Ap2.3460,1
Ap2.1800,1
Ap2.2138,2
Ap2.2139,1
Ap2.2135,2
Ap2.3260,1
Ap2.3269,1
Ap2.1324,1
Ap2.1323,1
Ap2.1328,2
Ap2.1329,1
Ap2.2678,1
Ap2.2673,1
Ap2.2672,1
Ap2.2674,1
Ap2.3107,1
Ap2.1659,1
Ap2.1651,1
Ap2.2302,1
Ap2.2305,1
Ap2.2304,1
Ap2.2306,1
Ap2.2308,1
Ap2.3651,1
Ap2.4141,1
Ap2.4142,1
Ap2.3790,1
Ap2.925,1
Ap2.476,1
Ap2.3750,1
Ap2.1236,2
Ap2.1230,1
Ap2.1232,1
Ap2.2767,1
Ap2.221,2
Ap2.225,1
Ap2.1944,1
Ap2.3542,1
Ap2.3549,2
Ap2.443,1
Ap2.447,1
Ap2.3030,1
Ap2.3031,2
Ap2.3032,1
Ap2.3036,1
Ap2.3037,2
Ap2.2921,1
Ap2.1592,1
Ap2.1598,1
Ap2.2027,1
Ap2.2028,1
Ap2.637,1
Ap2.2222,1
Ap2.2221,1
Ap2.2227,1
Ap2.2225,1
Ap2.28,1
Ap2.25,1
Ap2.22,1
Ap2.4068,1
Ap2.4062,1
Ap2.4060,1
Ap2.4061,1
Ap2.4066,1
Ap2.1514,1
Ap2.1495,1
Ap2.1491,2
Ap2.144,1
Ap2.145,1
Ap2.149,1
Ap2.1042,1
Ap2.1040,1
Ap2.1047,1
Ap2.1046,1
Ap2.3174,1
Ap2.2635,1
Ap2.2634,1
Ap2.2633,1
Ap2.3829,1
Ap2.3828,1
Ap2.3827,1
Ap2.3826,1
Ap2.3824,1
Ap2.3823,1
Ap2.3822,1
Ap2.3821,1
Ap2.3820,1
Ap2.2706,1
Ap2.844,1
Ap2.1416,1
Ap2.1410,1
Ap2.1412,1
Ap2.2142,1
Ap2.2141,1
Ap2.2140,1
Ap2.1627,1
Ap2.1623,1
Ap2.1629,1
Ap2.741,1
Ap2.744,1
Ap2.3668,1
Ap2.3081,1
Ap2.3080,1
Ap2.3087,1
Ap2.3086,1
Ap2.349,1
Ap2.357,1
Ap2.355,1
Ap2.352,1
Ap2.351,1
Ap2.2846,1
Ap2.2847,2
Ap2.2844,1
Ap2.2845,1
Ap2.2840,1
Ap2.2841,1
Ap2.975,1
Ap2.1781,1
Ap2.1786,1
Ap2.1787,1
Ap2.1871,1
Ap2.3786,1
Ap2.3784,1
Ap2.3785,1
Ap2.3782,1
Ap2.3780,1
Ap2.3781,1
Ap2.2789,1
Ap2.2787,1
Ap2.2783,1
Ap2.2725,1
Ap2.1692,1
Ap2.3232,1
Ap2.3231,1
Ap2.2625,1
Ap2.2629,1
Ap2.3578,1
Ap2.3577,1
Ap2.2356,1
Ap2.2354,1
Ap2.2355,1
Ap2.3002,1
Ap2.3004,1
Ap2.3007,1
Ap2.3006,1
Ap2.3008,1
Ap2.4116,1
Ap2.4117,1
Ap2.4112,1
Ap2.2017,1
Ap2.2016,1
Ap2.664,1
Ap2.1708,1
Ap2.1709,1
Ap2.1701,1
Ap2.1703,1
Ap2.1706,1
Ap2.1707,1
Ap2.3708,1
Ap2.3700,1
Ap2.3701,1
Ap2.2090,1
Ap2.256,1
Ap2.255,1
Ap2.258,1
Ap2.1935,1
Ap2.430,1
Ap2.439,1
Ap2.199,1
Ap2.198,1
Ap2.197,1
Ap1.1609,1
Ap1.1603,1
Ap1.2492,1
Ap1.2490,1
Ap1.2495,1
Ap1.514,1
Ap1.515,1
Ap1.3397,1
Ap1.3394,1
Ap1.3395,1
Ap1.3391,1
Ap1.3649,1
Ap1.3647,1
Ap1.459,1
Ap1.2514,1
Ap1.988,1
Ap1.1092,1
Ap1.1091,1
Ap1.1099,1
Ap1.4114,1
Ap1.4111,1
Ap1.4113,1
Ap1.1873,1
Ap1.1874,1
Ap1.1876,1
Ap1.1878,1
Ap1.3569,1
Ap1.3568,1
Ap1.3563,1
Ap1.3566,1
Ap1.2764,1
Ap1.2769,1
Ap1.3451,1
Ap1.590,1
Ap1.594,1
Ap1.599,1
Ap1.3155,1
Ap1.3151,2
Ap1.3152,1
Ap1.1168,2
Ap1.1165,1
Ap1.1164,1
Ap1.1160,1
Ap1.2596,1
Ap1.2594,1
Ap1.2591,1
Ap1.2909,1
Ap1.2900,1
Ap1.3299,1
Ap1.3296,1
Ap1.2651,1
Ap1.2658,1
Ap1.2659,1
Ap1.665,1
Ap1.669,1
Ap1.3488,1
Ap1.3482,2
Ap1.3487,1
Ap1.3730,1
Ap1.3731,1
Ap1.3732,1
Ap1.2286,1
Ap1.2280,1
Ap1.1257,1
Ap1.1258,1
Ap1.4021,1
Ap1.4025,1
Ap1.4029,1
Ap1.1985,1
Ap1.1986,1
Ap1.1989,1
Ap1.1988,1
Ap1.2984,1
Ap1.2986,1
Ap1.2981,2
Ap1.973,1
Ap1.1049,1
Ap1.3218,1
Ap1.2160,1
Ap1.1538,1
Ap1.1534,1
Ap1.1535,1
Ap1.358,1
Ap1.359,1
Ap1.357,1
Ap1.3403,1
Ap1.745,1
Ap1.126,1
Ap1.129,1
Ap1.2516,1
Ap1.2513,2
Ap1.3672,1
Ap1.3679,1
Ap1.3678,1
Ap1.4142,1
Ap1.4140,1
Ap1.4146,2
Ap1.4147,1
Ap1.4144,2
Ap1.2576,1
Ap1.4118,1
Ap1.4112,1
Ap1.2752,1
Ap1.1478,1
Ap1.1474,1
Ap1.1471,2
Ap1.1473,1
Ap1.3831,1
Ap1.3830,1
Ap1.3162,1
Ap1.548,1
Ap1.93,1
Ap1.91,1
Ap1.95,1
Ap1.98,1
Ap1.3366,1
Ap1.3369,1
Ap1.2548,1
Ap1.2545,1
Ap1.2543,1
Ap1.1828,2
Ap1.1823,1
Ap1.1821,1
Ap1.3532,1
Ap1.3530,1
Ap1.3531,1
Ap1.2661,1
Ap1.2667,1
Ap1.2666,1
Ap1.632,1
Ap1.634,1
Ap1.637,1
Ap1.1367,1
Ap1.1361,1
Ap1.1363,1
Ap1.551,1
Ap1.1584,1
Ap1.1587,1
Ap1.3983,1
Ap1.3700,1
Ap1.3703,1
Ap1.3705,1
Ap1.849,1
Ap1.847,1
Ap1.844,1
Ap1.19,2
Ap1.13,1
Ap1.14,1
Ap1.15,2
Ap1.4091,1
Ap1.2016,1
Ap1.2014,1
Ap1.2011,1
Ap1.3006,2
Ap1.3002,1
Ap1.3000,1
Ap1.3008,1
Ap1.3009,1
Ap1.190,1
Ap1.191,1
Ap1.228,1
Ap1.223,2
Ap1.221,1
Ap1.226,1
Ap1.227,1
Ap1.224,1
Ap1.2352,1
Ap1.1073,1
Ap1.1072,1
Ap1.3242,1
Ap1.3243,1
Ap1.3246,1
Ap1.3247,1
Ap1.2193,1
Ap1.2191,1
Ap1.1501,1
Ap1.1502,1
Ap1.1507,1
Ap1.1506,1
Ap1.1509,1
Ap1.2012,1
Ap1.3351,1
Ap1.3356,1
Ap1.3354,1
Ap1.3355,1
Ap1.2788,1
Ap1.2782,2
Ap1.2784,1
Ap1.2785,1
Ap1.4078,1
Ap1.4079,1
Ap1.4076,1
Ap1.4075,1
Ap1.4071,1
Ap1.114,1
Ap1.115,1
Ap1.116,1
Ap1.3086,1
Ap1.301,1
Ap1.688,1
Ap1.680,1
Ap1.3474,1
Ap1.1421,2
Ap1.3869,1
Ap1.3860,1
Ap1.3861,1
Ap1.3866,1
Ap1.3132,1
Ap1.3137,1
Ap1.3135,1
Ap1.2574,1
Ap1.2571,1
Ap1.2570,1
Ap1.438,1
Ap1.431,2
Ap1.4131,1
Ap1.2968,1
Ap1.2967,1
Ap1.2964,1
Ap1.2965,1
Ap1.887,2
Ap1.885,1
Ap1.3546,1
Ap1.3545,1
Ap1.600,1
Ap1.602,1
Ap1.608,1
Ap1.4039,1
Ap1.2268,1
Ap1.4089,1
Ap1.4085,1
Ap1.4080,1
Ap1.21,1
Ap1.27,1
Ap1.24,2
Ap1.29,1
Ap1.3335,1
Ap1.3336,1
Ap1.3333,1
Ap1.1745,1
Ap1.1749,1
Ap1.277,1
Ap1.278,2
Ap1.3270,1
Ap1.3272,1
Ap1.2635,1
Ap1.3310,1
Ap1.3751,1
Ap1.724,1
Ap1.729,1
Ap1.1277,1
Ap1.1273,1
Ap1.1272,1
Ap1.2301,1
Ap1.1025,1
Ap1.1023,1
Ap1.1020,1
Ap1.1618,1
Ap1.1611,1
Ap1.1613,1
Ap1.1612,1
Ap1.1614,1
Ap1.1617,2
Ap1.562,1
Ap1.2732,1
Ap1.3429,1
Ap1.3422,1
Ap1.2481,1
Ap1.2488,1
Ap1.3859,1
Ap1.2815,1
Ap1.2812,1
Ap1.2813,2
Ap1.2811,1
Ap1.3455,1
Ap1.1922,1
Ap1.3652,2
Ap1.3651,1
Ap1.3650,1
Ap1.2388,1
Ap1.2387,1
Ap1.2524,1
Ap1.442,1
Ap1.440,1
Ap1.4161,1
Ap1.3195,1
Ap1.1884,1
Ap1.1881,2
Ap1.1883,1
Ap1.3200,1
Ap1.1694,1
Ap1.1294,1
Ap1.2772,1
Ap1.2898,1
Ap1.2896,1
Ap1.2892,1
Ap1.2893,1
Ap1.564,1
Ap1.560,1
Ap1.3148,1
Ap1.3143,1
Ap1.2237,1
Ap1.2235,1
Ap1.829,1
Ap1.1158,1
Ap1.75,1
Ap1.77,2
Ap1.73,1
Ap1.3300,1
Ap1.1794,1
Ap1.240,1
Ap1.3518,1
Ap1.3513,1
Ap1.2646,1
Ap1.2645,1
Ap1.2644,1
Ap1.2643,1
Ap1.2642,1
Ap1.2641,1
Ap1.2640,1
Ap1.1347,1
Ap1.3729,1
Ap1.3725,1
Ap1.3724,1
Ap1.3723,1
Ap1.403,1
Ap1.1710,1
Ap1.1711,1
Ap1.1712,1
Ap1.1713,1
Ap1.1719,1
Ap1.2993,1
Ap1.2994,1
Ap1.3024,1
Ap1.3025,1
Ap1.2377,1
Ap1.2375,1
Ap1.949,1
Ap1.942,1
Ap1.945,1
Ap1.1059,1
Ap1.1058,1
Ap1.1056,1
Ap1.1055,1
Ap1.1054,1
Ap1.3228,1
Ap1.3229,1
Ap1.3220,1
Ap1.3597,1
Ap1.3590,1
Ap1.3591,1
Ap1.3598,1
Ap1.3599,1
Ap1.1521,1
Ap1.1529,1
Ap1.3967,1
Ap1.369,1
Ap1.360,1
Ap1.366,1
Ap1.365,2
Ap1.364,2
Ap1.3434,1
Ap1.3411,1
Ap1.3412,1
Ap1.3415,1
Ap1.3419,1
Ap1.754,1
Ap1.1482,1
Ap1.1488,1
Ap1.1489,1
Ap1.4056,1
Ap1.4057,1
Ap1.1978,1
Ap1.131,1
Ap1.138,1
Ap1.139,1
Ap1.3601,1
Ap1.3604,1
Ap1.3605,1
Ap1.3606,1
Ap1.3607,1
Ap1.3608,1
Ap1.499,1
Ap1.495,1
Ap1.494,1
Ap1.497,1
Ap1.496,1
Ap1.490,1
Ap1.4157,1
Ap1.2486,1
Ap1.1391,1
Ap1.1393,1
Ap1.1394,1
Ap1.1396,1
Ap1.1403,1
Ap1.3111,1
Ap1.554,1
Ap1.555,1
Ap1.559,1
Ap1.86,1
Ap1.88,1
Ap1.2087,1
Ap1.2086,2
Ap1.3682,1
Ap1.3683,1
Ap1.3684,1
Ap1.3686,1
Ap1.412,1
Ap1.2948,1
Ap1.2949,1
Ap1.3527,1
Ap1.3529,1
Ap1.3528,1
Ap1.3198,1
Ap1.3190,1
Ap1.3192,1
Ap1.2248,1
Ap1.1295,1
Ap1.1293,2
Ap1.1299,1
Ap1.3669,1
Ap1.2009,1
Ap1.2003,1
Ap1.1720,1
Ap1.3010,1
Ap1.218,1
Ap1.3253,1
Ap1.3252,1
Ap1.3251,1
Ap1.3250,1
Ap1.3259,1
Ap1.3258,1
Ap1.2702,1
Ap1.2700,1
Ap1.3770,1
Ap1.2791,1
Ap1.2794,1
Ap1.2797,1
Ap1.4069,1
Ap1.4060,1
Ap1.2799,1
Ap1.1946,1
Ap1.292,1
Ap1.291,1
Ap1.290,1
Ap1.3097,1
Ap1.701,1
Ap1.702,1
Ap1.938,1
Ap1.935,1
Ap1.4184,2
Ap1.4185,1
Ap1.4182,1
Ap1.4183,2
Ap1.4180,1
Ap1.4181,1
Ap1.2697,1
Ap1.2692,1
Ap1.2698,1
Ap1.1575,1
Ap1.310,1
Ap1.3217,1
Ap1.1633,1
Ap1.1632,1
Ap1.3448,1
Ap1.2713,1
Ap1.2715,1
Ap1.2714,1
Ap1.3872,1
Ap1.509,2
Ap1.508,1
Ap1.505,1
Ap1.2500,2
Ap1.421,1
Ap1.423,1
Ap1.4108,1
Ap1.4107,1
Ap1.2971,1
Ap1.2975,1
Ap1.2977,1
Ap1.2976,1
Ap1.1898,1
Ap1.1864,1
Ap1.2734,1
Ap1.1177,1
Ap1.53,1
Ap1.51,1
Ap1.439,1
Ap1.2572,1
Ap1.3326,1
Ap1.2582,1
Ap1.3285,1
Ap1.2746,1
Ap1.2743,1
Ap1.3404,1
Ap1.3745,1
Ap1.3744,1
Ap1.3746,1
Ap1.3743,1
Ap1.3749,1
Ap1.2299,1
Ap1.2292,1
Ap1.733,1
Ap1.736,1
Ap1.886,1
Ap1.1246,1
Ap1.1247,1
Ap1.1245,1
Ap1.889,1
Ap1.4037,1
Ap1.1995,1
Ap1.150,1
Ap1.965,1
Ap1.1035,1
Ap1.1036,1
Ap1.1033,1
Ap1.2155,1
Ap1.2151,1
Ap1.2159,1
Ap1.2158,1
Ap1.1542,1
Ap1.3437,1
Ap1.3433,1
Ap1.3432,1
Ap1.3430,1
Ap1.2474,1
Ap1.2475,1
Ap1.2473,1
Ap1.2804,1
Ap1.2800,1
Ap1.2808,1
Ap1.4050,1
Ap1.3663,1
Ap1.3660,1
Ap1.3661.1.5f15e451,1
Ap1.2394,1
Ap1.2397,1
Ap1.2396,1
Ap1.2532,1
Ap1.4176,1
Ap1.4175,1
Ap1.4174,1
Ap1.4173,1
Ap1.4179,1
Ap1.3328,1
Ap1.605,1
Ap1.1665,1
Ap1.1667,1
Ap1.1660,1
Ap1.1662,1
Ap1.1468,2
Ap1.1466,1
Ap1.1467,1
Ap1.2889,1
Ap1.2888,1
Ap1.2884,1
Ap1.3175,1
Ap1.576,1
Ap1.2228,1
Ap1.2225,1
Ap1.1143,1
Ap1.69,1
Ap1.65,1
Ap1.63,1
Ap1.60,1
Ap1.3373,1
Ap1.3374,1
Ap1.3377,1
Ap1.1787,1
Ap1.1785,1
Ap1.1813,1
Ap1.1810,1
Ap1.1817,1
Ap1.1816,1
Ap1.3505,1
Ap1.2679,1
Ap1.2676,1
Ap1.2677,1
Ap1.2674,1
Ap1.640,1
Ap1.1378,2
Ap1.1379,1
Ap1.1599,1
Ap1.1595,1
Ap1.3994,1
Ap1.3443,1
Ap1.3712,1
Ap1.3714,1
Ap1.855,1
Ap1.854,1
Ap1.850,1
Ap1.853,1
Ap1.2023,1
Ap1.2022,1
Ap1.2021,1
Ap1.2020,1
Ap1.2025,1
Ap1.1704,1
Ap1.186,1
Ap1.182,1
Ap1.181,1
Ap1.239,1
Ap1.235,1
Ap1.3031,1
Ap1.3034,2
Ap1.951,1
Ap1.953,1
Ap1.957,2
Ap1.1067,1
Ap1.3239,1
Ap1.3238,1
Ap1.3236,1
Ap1.3232,1
Ap1.2185,1
Ap1.2186,1
Ap1.2180,2
Ap1.3584,1
Ap1.3589,1
Ap1.371,1
Ap1.373,1
Ap1.374,1
Ap1.376,1
Ap1.2176,1
Ap1.2179,1
Ap1.3794,1
Ap1.1233,1
Ap1.1232,1
Ap1.1498,1
Ap1.1497,1
Ap1.1495,1
Ap1.4044,1
Ap1.4049,1
Ap1.3896,1
Ap1.3892,1
Ap1.108,1
Ap1.107,1
Ap1.488,1
Ap1.489,2
Ap1.485,1
Ap1.363,1
Ap1.1372,1
Ap1.1373,1
Ap1.1371,1
Ap1.1043,1
Ap1.2105,1
Ap1.2101,1
Ap1.2103,1
Ap1.2109,1
Ap1.692,1
Ap1.1389,1
Ap1.1388,1
Ap1.1387,1
Ap1.1386,2
Ap1.1658,1
Ap1.3464,1
Ap1.3460,1
Ap1.3468,1
Ap1.2736,1
Ap1.2735,1
Ap1.1414,1
Ap1.1411,1
Ap1.1410,1
Ap1.1419,1
Ap1.3104,1
Ap1.520,1
Ap1.525,1
Ap1.2504,1
Ap1.429,1
Ap1.3341,1
Ap1.3342,1
Ap1.3349,1
Ap1.3348,1
Ap1.3694,1
Ap1.3693,1
Ap1.3692,1
Ap1.3691,1
Ap1.3690,1
Ap1.2567,1
Ap1.409,1
Ap1.2950,1
Ap1.1842,1
Ap1.1306,2
Ap1.1309,1
Ap1.1308,1
Ap1.2756,1
Ap1.3189,1
Ap1.3188,1
Ap1.2277,1
Ap1.2270,1
Ap1.860,1
Ap1.863,1
Ap1.4090,1
Ap1.4093,1
Ap1.4096,1
Ap1.4098,1
Ap1.1117,1
Ap1.1115,1
Ap1.1112,1
Ap1.1113,1
Ap1.1110,1
Ap1.1111,1
Ap1.34,1
Ap1.36,1
Ap1.1,1
Ap1.3261,1
Ap1.3268,1
Ap1.3269,1
Ap1.3278,1
Ap1.712,1
Ap1.1269,1
Ap1.1260,1
Ap1.1264,1
Ap1.1266,1
Ap1.4018,1
Ap1.4010,1
Ap1.4011,1
Ap1.4012,1
Ap1.1984,1
Ap1.172,1
Ap1.173,1
Ap1.179,1
Ap1.280,1
Ap1.2338,1
Ap1.4191,1
Ap1.1019,1
Ap1.1017,1
Ap1.1014,1
Ap1.2681,1
Ap1.2680,1
Ap1.2684,1
Ap1.2689,1
Ap1.3416,1
Ap4.1659,1
Ap4.5497,1
Ap4.5494,2
Ap4.5492,1
Ap4.5493,1
Ap4.396,1
Ap4.398,1
Ap4.646,1
Ap4.645,1
Ap4.1288,1
Ap4.406,1
Ap4.6883,1
Ap4.6888,1
Ap4.6777,1
Ap4.6772,1
Ap4.6771,1
Ap4.6779,1
Ap4.2646,1
Ap4.5518,1
Ap4.5513,1
Ap4.5511,1
Ap4.5517,1
Ap4.6578,1
Ap4.6573,1
Ap4.6574,1
Ap4.6576,1
Ap4.6577,1
Ap4.3055,1
Ap4.5063,1
Ap4.5062,1
Ap4.5065,1
Ap4.5064,1
Ap4.7039,1
Ap4.1165,1
Ap4.6301,1
Ap4.6304,1
Ap4.4895,1
Ap4.319,1
Ap4.3972,1
Ap4.3970,1
Ap4.3977,1
Ap4.3976,1
Ap4.3979,1
Ap4.3978,1
Ap4.6033,1
Ap4.6808,1
Ap4.6805,1
Ap4.902,1
Ap4.5595,1
Ap4.129,1
Ap4.2905,1
Ap4.2883,1
Ap4.2129,1
Ap4.7343,1
Ap4.6633,1
Ap4.6632,1
Ap4.6927,1
Ap4.6926,1
Ap4.6928,1
Ap4.5382,1
Ap4.6087,1
Ap4.6386,1
Ap4.5857,1
Ap4.5854,1
Ap4.5853,1
Ap4.5858,1
Ap4.515,1
Ap4.7287,1
Ap4.4738,1
Ap4.4737,1
Ap4.4730,1
Ap4.5469,1
Ap4.6193,1
Ap4.6196,1
Ap4.6197,1
Ap4.6199,1
Ap4.4133,1
Ap4.4131,1
Ap4.5262,2
Ap4.583,1
Ap4.587,1
Ap4.7329,1
Ap4.1549,1
Ap4.1540,1
Ap4.1541,1
Ap4.6699,1
Ap4.829,2
Ap4.828,1
Ap4.827,1
Ap4.822,1
Ap4.5654,1
Ap4.5656,1
Ap4.5650,1
Ap4.5651,1
Ap4.5652,1
Ap4.5653,1
Ap4.6030,1
Ap4.2828,1
Ap4.2008,1
Ap4.577,1
Ap4.572,1
Ap4.638,1
Ap4.639,1
Ap4.632,1
Ap4.630,1
Ap4.631,1
Ap4.6264,1
Ap4.6260,1
Ap4.6269,1
Ap4.3345,1
Ap4.3346,1
Ap4.3343,1
Ap4.5959,1
Ap4.5958,1
Ap4.5954,1
Ap4.1255,1
Ap4.1256,1
Ap4.430,1
Ap4.431.1.5f15ddea,1
Ap4.5540,1
Ap4.1018,1
Ap4.3522,1
Ap4.6540,1
Ap4.6094,1
Ap4.6093,1
Ap4.6092,1
Ap4.6091,1
Ap4.2733,1
Ap4.2730,1
Ap4.1351,1
Ap4.1350,1
Ap4.6421,1
Ap4.1195,1
Ap4.2504,1
Ap4.328,1
Ap4.1783,1
Ap4.1786,1
Ap4.6836,1
Ap4.6838,1
Ap4.6787,1
Ap4.3492,1
Ap4.952,1
Ap4.951,1
Ap4.955,1
Ap4.6466,1
Ap4.777,1
Ap4.776,1
Ap4.6665,1
Ap4.6667,1
Ap4.7046,1
Ap4.7045,1
Ap4.4531,1
Ap4.3232,1
Ap4.6163,1
Ap4.6160,1
Ap4.1572,1
Ap4.859,1
Ap4.5660,1
Ap4.5662,1
Ap4.75,1
Ap4.74,1
Ap4.2858,1
Ap4.4845,1
Ap4.545,1
Ap4.540,1
Ap4.541,1
Ap4.7125,1
Ap4.7126,1
Ap4.4477,1
Ap4.6257,1
Ap4.3997,1
Ap4.5237,1
Ap4.1267,1
Ap4.1261,1
Ap4.1062,1
Ap4.3517,1
Ap4.1806,2
Ap4.1801,1
Ap4.4972,1
Ap4.4973,1
Ap4.4970,1
Ap4.4975,1
Ap4.5009,1
Ap4.7090,1
Ap4.7091,1
Ap4.7092,1
Ap4.7096,1
Ap4.7097,1
Ap4.5303,1
Ap4.5300,1
Ap4.4010,1
Ap4.4012,1
Ap4.4015,1
Ap4.3894,1
Ap4.6369,1
Ap4.5700,1
Ap4.669,1
Ap4.668,2
Ap4.667,1
Ap4.6258,1
Ap4.6425,1
Ap4.6423,1
Ap4.5985,1
Ap4.5986,1
Ap4.5987,1
Ap4.2666,1
Ap4.1409,1
Ap4.1402,1
Ap4.1407,1
Ap4.1406,1
Ap4.6759,1
Ap4.6754,1
Ap4.141,1
Ap4.142,1
Ap4.6519,1
Ap4.1300,1
Ap4.783,1
Ap4.780,1
Ap4.784,1
Ap4.785,1
Ap4.6659,1
Ap4.7018,1
Ap4.7010,1
Ap4.7012,1
Ap4.7014,1
Ap4.7015,1
Ap4.7017,1
Ap4.1147,2
Ap4.3780,1
Ap4.6497,2
Ap4.6496,1
Ap4.2558,1
Ap4.3208,1
Ap4.5866,1
Ap4.7198,1
Ap4.7223,1
Ap4.7220,1
Ap4.7224,2
Ap4.4759,1
Ap4.6869,1
Ap4.6863,1
Ap4.3422,1
Ap4.6284,2
Ap4.1483,1
Ap4.1488,1
Ap4.922,1
Ap4.1384,1
Ap4.1523,1
Ap4.1520,1
Ap4.1527,1
Ap4.1524,1
Ap4.884,1
Ap4.887,1
Ap4.886,1
Ap4.5637,1
Ap4.5639,1
Ap4.6415,1
Ap4.5878,2
Ap4.519,1
Ap4.6992,1
Ap4.7114,1
Ap4.5404,1
Ap4.5401,1
Ap4.5403,1
Ap4.5409,1
Ap4.5408,1
Ap4.1770,1
Ap4.1779,1
Ap4.6209,1
Ap4.2453,1
Ap4.2459,1
Ap4.4110,1
Ap4.4119,1
Ap4.5938,1
Ap4.498,1
Ap4.7305,1
Ap4.7306,1
Ap4.7301,1
Ap4.7302,1
Ap4.4651,1
Ap4.6211,1
Ap4.1856,1
Ap4.1855,1
Ap4.23,1
Ap4.20,1
Ap4.21,1
Ap4.24,1
Ap4.6918,1
Ap4.3734,1
Ap4.3739,1
Ap4.5774,1
Ap4.5779,1
Ap4.5778,1
Ap4.5489,1
Ap4.5488,1
Ap4.5487,1
Ap4.5486,1
Ap4.5480,1
Ap4.383,1
Ap4.412,1
Ap4.410,2
Ap4.6896,1
Ap4.6894,1
Ap4.6767,1
Ap4.2658,1
Ap4.6479,1
Ap4.5526,1
Ap4.5525,1
Ap4.5522,1
Ap4.5520,1
Ap4.5521,1
Ap4.6285,1
Ap4.1036,1
Ap4.1030,1
Ap4.6959,1
Ap4.7319,1
Ap4.7318,1
Ap4.6951,1
Ap4.6567,1
Ap4.6563,2
Ap4.6562,1
Ap4.6560,1
Ap4.2712,1
Ap4.4905,1
Ap4.5054,1
Ap4.1372,1
Ap4.7022,1
Ap4.4598,1
Ap4.1170,1
Ap4.1175,1
Ap4.1178,1
Ap4.303,1
Ap4.6124,1
Ap4.7270,1
Ap4.7275,1
Ap4.7277,1
Ap4.3947,1
Ap4.2306,1
Ap4.839,1
Ap4.3168,1
Ap4.3169,1
Ap4.3166,1
Ap4.119,1
Ap4.6605,1
Ap4.6602,1
Ap4.6603,1
Ap4.6601,1
Ap4.6609,1
Ap4.2117,1
Ap4.2110,1
Ap4.99,2
Ap4.5157,1
Ap4.5159,1
Ap4.7143,1
Ap4.7144,1
Ap4.7145,1
Ap4.4723,1
Ap4.4727,1
Ap4.4725,1
Ap4.4120,1
Ap4.5290,2
Ap4.5293,1
Ap4.268,1
Ap4.260,1
Ap4.262,1
Ap4.192,1
Ap4.190,1
Ap4.7335,1
Ap4.7330,1
Ap4.7333,2
Ap4.7339,1
Ap4.7338,1
Ap4.1714,1
Ap4.1081,1
Ap4.2193,1
Ap4.2191,1
Ap4.1553,1
Ap4.6029,1
Ap4.6025,1
Ap4.834,1
Ap4.830,1
Ap4.5642,1
Ap4.5640,1
Ap4.5645,1
Ap4.13,1
Ap4.11,1
Ap4.10,1
Ap4.15,1
Ap4.14,1
Ap4.2839,1
Ap4.564,1
Ap4.565,1
Ap4.606,1
Ap4.6273,1
Ap4.6277,1
Ap4.6274,2
Ap4.5216,1
Ap4.5217,1
Ap4.5211,1
Ap4.5212,1
Ap4.5964,1
Ap4.5961,1
Ap4.1248,1
Ap4.1243,1
Ap4.1247,1
Ap4.1246,1
Ap4.6738,2
Ap4.6730,1
Ap4.6736,1
Ap4.6735,1
Ap4.1179,1
Ap4.1000,1
Ap4.1827,1
Ap4.6964,1
Ap4.5722,1
Ap4.681,1
Ap4.689,1
Ap4.7248,1
Ap4.443,1
Ap4.3483,1
Ap4.941,1
Ap4.942,1
Ap4.943,1
Ap4.947,1
Ap4.949,1
Ap4.168,1
Ap4.166,1
Ap4.163,1
Ap4.6536,2
Ap4.6530,1
Ap4.6532,1
Ap4.760,1
Ap4.767,1
Ap4.769,1
Ap4.6678,1
Ap4.6676,1
Ap4.6674,1
Ap4.2166,1
Ap4.7072,1
Ap4.7070,1
Ap4.5693,1
Ap4.5698,1
Ap4.5344,1
Ap4.5345,1
Ap4.5343,1
Ap4.5340,1
Ap4.5341,2
Ap4.5349,1
Ap4.2570,1
Ap4.2573,1
Ap4.5108,1
Ap4.5100,1
Ap4.5103,1
Ap4.5107,1
Ap4.6846,1
Ap4.6153,1
Ap4.259,1
Ap4.1500,1
Ap4.1505,1
Ap4.1507,1
Ap4.863,1
Ap4.5610,1
Ap4.6931,1
Ap4.48,1
Ap4.47,1
Ap4.6101,1
Ap4.6102,1
Ap4.534,1
Ap4.2044,1
Ap4.7133,1
Ap4.7132,1
Ap4.7137,1
Ap4.7136,1
Ap4.7135,1
Ap4.7134,1
Ap4.7139,1
Ap4.4447,1
Ap4.5423,1
Ap4.5422,1
Ap4.5426,1
Ap4.217,1
Ap4.3306,1
Ap4.5228,1
Ap4.5224,1
Ap4.5223,1
Ap4.5918,1
Ap4.5917,1
Ap4.5916,1
Ap4.1059,1
Ap4.6581,1
Ap4.6582,2
Ap4.6940,1
Ap4.3699,1
Ap4.6059,1
Ap4.1872,1
Ap4.4961,1
Ap4.4963,1
Ap4.4964,1
Ap4.7089,1
Ap4.7087,1
Ap4.7083,1
Ap4.1620,1
Ap4.7130,1
Ap4.677,1
Ap4.1290,1
Ap4.1295,2
Ap4.5993,1
Ap4.5992,1
Ap4.5990,1
Ap4.6743,1
Ap4.6741,1
Ap4.6740,1
Ap4.6744,1
Ap4.5509,1
Ap4.5504,1
Ap4.5505,1
Ap4.5502,1
Ap4.6089,1
Ap4.6503,1
Ap4.5079,1
Ap4.1315,1
Ap4.1314,1
Ap4.1317,1
Ap4.1313,1
Ap4.1152,1
Ap4.3792,1
Ap4.3790,1
Ap4.3795,1
Ap4.6313,1
Ap4.4889,1
Ap4.584,1
Ap4.7216,1
Ap4.7217,1
Ap4.4745,1
Ap4.4746,1
Ap4.7340,1
Ap4.3965,1
Ap4.6875,1
Ap4.6874,1
Ap4.6290,1
Ap4.6295,1
Ap4.1476,1
Ap4.1477,1
Ap4.6129,1
Ap4.6127,1
Ap4.6123,1
Ap4.6121,1
Ap4.6120,1
Ap4.914,1
Ap4.6226,1
Ap4.4183,1
Ap4.131,1
Ap4.2917,1
Ap4.1395,1
Ap4.736,2
Ap4.733,1
Ap4.731,1
Ap4.730,1
Ap4.1539,1
Ap4.1533,1
Ap4.1532,1
Ap4.1537,1
Ap4.6629,1
Ap4.6626,1
Ap4.6621,1
Ap4.6622,1
Ap4.6623,2
Ap4.4057,1
Ap4.893,1
Ap4.897,1
Ap4.5627,1
Ap4.6429,1
Ap4.2898,1
Ap4.2894,1
Ap4.3858,1
Ap4.5869,1
Ap4.5868,1
Ap4.5867,1
Ap4.500,1
Ap4.509,1
Ap4.6982,1
Ap4.6984,1
Ap4.6987,1
Ap4.7298,1
Ap4.7296,1
Ap4.7297,1
Ap4.7295,1
Ap4.7291,1
Ap4.3396,1
Ap4.5471,1
Ap4.1744,1
Ap4.6210,1
Ap4.6215,1
Ap4.6219,1
Ap4.2467,1
Ap4.7311,1
Ap4.7317,1
Ap4.6007,1
Ap4.815,2
Ap4.819,1
Ap4.2786,1
Ap4.143,1
Ap4.35,1
Ap4.34,1
Ap4.33,1
Ap4.6907,1
Ap4.6906,1
Ap4.3741,1
Ap4.3742,1
Ap4.5740,1
Ap4.5741,1
Ap4.5744,1
Ap4.5944,1
Ap4.423,1
Ap4.426,1
Ap4.424,1
Ap4.429,1
Ap4.2627,1
Ap4.5534,1
Ap4.5531,1
Ap4.5533,1
Ap4.5532,1
Ap4.1023,1
Ap4.1027,1
Ap4.1026,1
Ap4.1025,2
Ap4.6559,1
Ap4.6083,1
Ap4.6086,1
Ap4.4935,1
Ap4.5045,1
Ap4.5046,1
Ap4.5042,1
Ap4.1343,1
Ap4.1340,1
Ap4.1344,1
Ap4.4055,1
Ap4.4056,1
Ap4.4052,1
Ap4.4058,1
Ap4.1180,1
Ap4.333,1
Ap4.330,1
Ap4.7266,1
Ap4.7265,1
Ap4.7261,1
Ap4.3958,1
Ap4.6829,1
Ap4.6798,1
Ap4.3170,1
Ap4.3176,1
Ap4.2498,1
Ap4.962,1
Ap4.961,1
Ap4.574,1
Ap4.105,1
Ap4.107,1
Ap4.102,1
Ap4.740,1
Ap4.6619,1
Ap4.7054,1
Ap4.7057,1
Ap4.7050,1
Ap4.4507,1
Ap4.5360,1
Ap4.6459,2
Ap4.3242,1
Ap4.5166,1
Ap4.5165,1
Ap4.4718,1
Ap4.4719,1
Ap4.1736,1
Ap4.1734,1
Ap4.1739,1
Ap4.5286,1
Ap4.277,1
Ap4.180,1
Ap4.181,1
Ap4.182,1
Ap4.6695,1
Ap4.6696,1
Ap4.6691,1
Ap4.6693,1
Ap4.1567,2
Ap4.1564,1
Ap4.5672,1
Ap4.5673,1
Ap4.5098,1
Ap4.5093,1
Ap4.5095,2
Ap4.64,1
Ap4.60,2
Ap4.61,1
Ap4.559,1
Ap4.2024,1
Ap4.3772,1
Ap4.3775,1
Ap4.3777,1
Ap4.4792,1
Ap4.4793,1
Ap4.3982,1
Ap4.3980,1
Ap4.3981,1
Ap4.3986,1
Ap4.3987,1
Ap4.1270,1
Ap4.591,1
Ap4.595,1
Ap4.5569,1
Ap4.1077,1
Ap4.1810,1
Ap4.4363,1
Ap4.4365,1
Ap4.5012,1
Ap4.5016,1
Ap4.5015,1
Ap4.4009,1
Ap4.4002,1
Ap4.6953,1
Ap4.1607,1
Ap4.6378,1
Ap4.6370,1
Ap4.6371,1
Ap4.6377,1
Ap4.696,1
Ap4.5646,1
Ap4.7055,1
Ap4.7053,1
Ap4.7059,1
Ap4.3905,1
Ap4.2691,1
Ap4.1418,1
Ap4.1419,1
Ap4.1413,1
Ap4.158,1
Ap4.6523,1
Ap4.6525,1
Ap4.1339,1
Ap4.1331,1
Ap4.1336,1
Ap4.1335,1
Ap4.797,1
Ap4.791,1
Ap4.6642,2
Ap4.6646,1
Ap4.6645,1
Ap4.7069,1
Ap4.7063,1
Ap4.4082,1
Ap4.4083,1
Ap4.5688,1
Ap4.5685,1
Ap4.5359,1
Ap4.1139,1
Ap4.1136,1
Ap4.1688,1
Ap4.5114,1
Ap4.5110,1
Ap4.5808,1
Ap4.5803,1
Ap4.5805,1
Ap4.5804,1
Ap4.5807,1
Ap4.7186,1
Ap4.7189,1
Ap4.7233,1
Ap4.4765,1
Ap4.4764,1
Ap4.5346,1
Ap4.6857,1
Ap4.6858,1
Ap4.3435,1
Ap4.1498,2
Ap4.6145,1
Ap4.6144,1
Ap4.6141,2
Ap4.6140,1
Ap4.938,1
Ap4.1514,2
Ap4.1513,1
Ap4.1512,2
Ap4.3607,1
Ap4.5605,1
Ap4.57,1
Ap4.56,1
Ap4.54,1
Ap4.52,1
Ap4.6404,1
Ap4.6405,1
Ap4.6406,1
Ap4.6407,1
Ap4.6400,1
Ap4.6401,1
Ap4.6402,1
Ap4.6403,2
Ap4.1997,1
Ap4.5883,1
Ap4.5885,1
Ap4.5884,1
Ap4.526,1
Ap4.524,2
Ap4.522,1
Ap4.520,1
Ap4.7105,1
Ap4.7101,1
Ap4.4451,1
Ap4.5413,1
Ap4.6237,1
Ap4.6236,1
Ap4.6233,1
Ap4.6231,1
Ap4.6238,1
Ap4.5251,1
Ap4.5252,1
Ap4.5928,1
Ap4.5920,1
Ap4.5925,1
Ap4.488,1
Ap4.1044,1